,_raw_spin_lock_irq();,___slab_alloc(),up_write();,SyS_write(),rcu_note_context_switch();,mod_node_page_state();,__mod_zone_page_state();,update_rq_clock();,get_mem_cgroup_from_mm();,set_next_entity(),jbd2_journal_put_journal_head();,__mem_cgroup_threshold();,from_kuid(),rcu_accelerate_cbs(),clear_buddies();,tick_sched_timer(),irq_enter(),balance_dirty_pages_ratelimited();,try_charge();,ext4_get_group_desc();,__mod_node_page_state();,ext4_file_write_iter(),__kmalloc(),trigger_load_balance();,calc_global_load_tick();,ntp_tick_length();,__ext4_get_inode_loc(),__acct_update_integrals();,__alloc_pages_nodemask(),account_entity_dequeue();,__inc_zone_state();,__enqueue_entity();,rcu_irq_exit();,__getblk_gfp(),enqueue_hrtimer();,resched_curr();,inode_io_list_move_locked();,ext4_mark_iloc_dirty(),fsnotify();,swake_up_locked();,mem_cgroup_page_lruvec();,default_wake_function(),__dquot_alloc_space(),__fget_light();,lapic_next_deadline();,account_process_tick(),smp_apic_timer_interrupt(),__wake_up(),vmacache_find(),grab_cache_page_write_begin(),smp_irq_work_interrupt(),wake_up_process(),kfree();,mem_cgroup_wb_domain();,__inc_node_page_state(),node_page_state();,current_kernel_time64();,rcu_segcblist_advance();,find_vma(),find_get_pages_range();,decay_load();,__set_page_dirty(),from_kgid(),sync_mm_rss();,add_to_page_cache_lru(),jbd2__journal_start();,hrtimer_run_queues();,_raw_spin_unlock_irqrestore(),__calc_delta();,rcu_check_callbacks(),__do_page_fault(),account_system_time(),__inc_node_state();,__slab_alloc(),kmem_cache_alloc(),jbd2__journal_start(),update_min_vruntime();,rcu_segcblist_insert_done_cbs();,add_transaction_credits();,__inc_zone_page_state(),select_task_rq_fair(),domain_dirty_limits();,scheduler_tick(),ext4_find_extent(),update_vsyscall();,account_entity_enqueue();,dirty_poll_interval.part.25();,_raw_spin_lock_irqsave();,lru_cache_add(),calc_global_load();,enqueue_entity(),__page_cache_alloc(),clean_bdev_aliases(),finish_task_switch(),inode_reserved_space(),rcu_gp_kthread_wake(),__do_softirq(),__block_commit_write.isra.31(),ktime_get();,mem_cgroup_try_charge(),jbd2_journal_add_journal_head();,ext4_write_checks();,_raw_spin_unlock_irqrestore();,ext4_nonda_switch();,__remove_hrtimer();,select_idle_sibling(),hrtimer_active();,mem_cgroup_update_lru_size();,get_task_policy.part.27();,__jbd2_journal_temp_unlink_buffer();,mark_page_accessed();,handle_mm_fault(),mark_buffer_dirty(),_raw_read_lock();,__update_load_avg_se.isra.38();,update_curr();,__wake_up_common(),pagevec_lru_move_fn(),get_random_u32();,hrtimer_forward();,wake_up_bit(),__mnt_drop_write_file();,_raw_write_lock();,run_timer_softirq(),__lru_cache_add(),__brelse();,jbd2_journal_dirty_metadata();,jbd2_journal_stop(),set_next_buddy();,update_cfs_group();,apparmor_file_permission(),free_unref_page_list();,rcu_segcblist_ready_cbs();,timekeeping_update(),tick_do_update_jiffies64.part.10(),irq_exit(),jbd2_journal_dirty_metadata(),get_partial_node.isra.69();,map_id_up();,pagevec_lookup_range(),_cond_resched(),shmem_mapping();,notifier_call_chain();,mem_cgroup_charge_statistics();,rcu_segcblist_future_gp_needed();,unlock_page_memcg();,__jbd2_journal_file_buffer(),put_cpu_partial();,release_pages(),setup_object_debug.isra.57();,run_posix_cpu_timers();,__handle_mm_fault(),__fdget_pos(),account_page_dirtied(),__es_tree_search();,autoremove_wake_function(),do_timer(),wakeup_preempt_entity.isra.69();,ext4_es_lookup_extent(),put_prev_entity(),update_cfs_group(),__ext4_handle_dirty_metadata(),security_file_permission(),__inc_numa_state();,swake_up_locked(),alloc_buffer_head(),update_process_times(),current_time(),node_dirty_ok(),__update_load_avg_se.isra.38(),note_gp_changes();,ext4_da_write_end(),ext4_has_free_clusters();,rcu_report_qs_rnp(),ext4_mark_inode_dirty(),alloc_pages_current(),rcu_bh_qs();,__mnt_want_write_file(),__lru_cache_add();,_raw_spin_lock();,reweight_entity();,cpu_load_update_active(),ext4_ext_drop_refs();,down_write_trylock();,rcu_all_qs();,activate_task(),reweight_entity(),ext4_reserve_inode_write(),update_fast_timekeeper();,memcg_check_events(),PageHuge();,down_read_trylock();,ext4_es_find_delayed_extent_range(),ext4_journal_check_start(),lock_page_memcg();,new_slab(),ext4_get_reserved_space();,mem_cgroup_commit_charge(),jbd2_journal_cancel_revoke();,rcu_process_callbacks(),new_sync_write(),tick_nohz_tick_stopped();,rcu_advance_cbs(),raise_softirq();,ext4_es_can_be_merged();,__fsnotify_parent();,__mark_inode_dirty();,rcu_segcblist_insert_count();,__sb_start_write(),hrtimer_wakeup(),generic_write_end(),ext4_claim_free_clusters(),balance_dirty_pages_ratelimited(),ext4_inode_csum_set();,memcg_check_events();,workingset_update_node();,rcu_irq_enter();,jbd2_journal_stop();,cpu_load_update(),timespec_trunc();,idle_cpu();,__wake_up_common_lock(),ext4_block_write_begin(),mempolicy_slab_node();,rcu_segcblist_accelerate();,pmd_devmap_trans_unstable();,acct_account_cputime(),clockevents_program_event(),get_partial_node.isra.69(),__mnt_is_readonly.part.13();,enqueue_task_fair(),rcu_all_qs(),policy_nodemask();,get_page_from_freelist(),__slab_free(),__ext4_journal_stop(),__mark_inode_dirty(),ktime_get_update_offsets_now();,unlock_buffer(),profile_tick();,jbd2_journal_get_write_access(),prefetch_freepointer();,run_local_timers(),__find_get_block(),__sb_end_write();,jbd2_journal_grab_journal_head();,page_cache_tree_insert(),__next_timer_interrupt();,rcu_cblist_dequeue();,___slab_alloc();,pick_next_entity(),ext4_es_insert_extent(),ext4_da_write_begin(),ttwu_stat();,cpuacct_account_field();,swake_up(),task_tick_fair(),ext4_es_can_be_merged(),down_read(),rcu_segcblist_pend_cbs();,ext4_ext_map_blocks(),alloc_page_buffers(),check_preempt_wakeup(),__accumulate_pelt_segments();,file_update_time(),__wake_up_bit();,tick_sched_do_timer(),rcu_segcblist_extract_done_cbs();,__wake_up_common();,unlock_page();,ext4_do_update_inode(),cpu_needs_another_gp(),ttwu_do_wakeup(),cpuacct_charge();,__ext4_journal_start_sb(),hrtick_update();,jbd2_write_access_granted.part.9();,from_kprojid(),balance_dirty_pages(),cpu_needs_another_gp();,file_remove_privs();,check_preempt_wakeup();,raw_notifier_call_chain(),rw_verify_area(),ntp_get_next_leap();,hrtimer_interrupt(),ttwu_do_activate(),page_mapping();,kmem_cache_free(),__pagevec_lru_add_fn(),block_write_end(),__ext4_journal_get_write_access(),ext4_da_get_block_prep(),pick_next_task_fair(),create_empty_buffers(),find_get_entry();,pagecache_get_page(),kmem_cache_free();,__es_remove_extent(),common_file_perm(),sched_slice.isra.66(),do_get_write_access(),tick_sched_handle(),finish_task_switch();,ext4_dirty_inode(),tick_program_event(),generic_update_time(),rcu_start_gp(),try_to_wake_up(),mem_cgroup_from_task();,check_cfs_rq_runtime();,ext4_inode_table();,update_wall_time(),__add_to_page_cache_locked(),__hrtimer_run_queues(),vmacache_update();,__es_insert_extent(),policy_node();,mem_cgroup_uncharge_list();,__vfs_write(),update_curr(),vfs_write(),locked_inode_to_wb_and_lock_list(),aa_file_perm();,start_this_handle(),ext4_ext_put_gap_in_cache(),up_read();,kmalloc_slab();,check_preempt_curr(),generic_perform_write(),account_system_index_time(),wait_for_stable_page();,__generic_file_write_iter(),vmacache_find();,sched_avg_update();,place_entity();
fwrite_8192,0.551,0.243,1.025,0.255,0.379,1.53,1.255,16.573,0.591,0.714,0.579,1.947,2.458,70.65299999999999,8.552,0.493,14.528,0.375,0.504,0.331,0.292,5.247,14.518,0.458,28.751,4.52,0.424,323.272,37.563,48.858000000000004,39.952,0.5,3.214,2.7510000000000003,0.332,0.938,0.875,0.895,23.236,0.627,7.864,1.018,2.156,12.712,8.624,0.619,0.575,1.435,1.947,3.123,0.746,2.027,1.646,8.804,3.045,1.887,15.525,2.367,1.655,0.618,0.981,0.5840000000000001,6.675,0.654,3.264,14.524000000000001,0.397,0.323,30.638,260.837,0.739,0.498,0.531,15.189,0.306,2.463,40.911,1.535,1.5630000000000002,1.899,20.75,0.565,0.5609999999999999,0.477,259.712,1.046,5.871,1.016,29.392,0.338,1.596,3.609,5.5760000000000005,3.361,1.1019999999999999,4.925000000000001,1.236,6.787000000000001,2.981,1.058,0.656,33.058,18.973,0.5720000000000001,2.7849999999999993,0.266,0.306,7.008999999999999,16.026,2.889,0.504,0.544,0.302,1.637,5.032,0.5309999999999999,0.38,3.526,0.449,1.3719999999999999,1.062,1.897,0.653,0.305,61.135000000000005,1.721,46.546,0.567,0.277,0.387,0.524,3.434,0.314,0.627,53.284,0.314,15.269,0.55,10.809000000000001,9.129000000000001,42.08,1.5230000000000001,1.6069999999999998,0.26,0.7949999999999999,1.2640000000000002,13.984,164.053,1.517,2.462,14.872,5.952,1.604,0.326,2.341,0.507,1.024,13.558,4.305,0.371,17.328,0.301,0.56,1.4449999999999998,0.314,4.069,21.287,0.539,1.4369999999999998,4.53,39.784,7.968,0.62,20.264,0.5489999999999999,3.0709999999999997,1.089,9.068000000000001,28.14,0.308,0.581,19.844,7.890000000000001,0.5680000000000001,261.623,2.7430000000000003,270.611,0.34,2.8920000000000003,7.504,0.8029999999999999,0.338,2.406,252.908,35.989000000000004,256.952,0.354,0.0,0.0,0.0,0.0,0.0,0.0,0.0,0.0,0.0,0.0,0.0,0.0,0.0,0.0,0.0,0.0,0.0,0.0,0.0,0.0,0.0,0.0,0.0,0.0,0.0,0.0,0.0,0.0,0.0,0.0,0.0,0.0,0.0,0.0,0.0,0.0,0.0,0.0,0.0,0.0,0.0,0.0,0.0,0.0,0.0,0.0,0.0,0.0,0.0,0.0,0.0,0.0,0.0,0.0,0.0,0.0,0.0,0.0,0.0,0.0,0.0,0.0,0.0,0.0,0.0,0.0,0.0,0.0,0.0,0.0,0.0,0.0,0.0,0.0,0.0,0.0,0.0,0.0,0.0,0.0,0.0,0.0,0.0,0.0,0.0,0.0,0.0,0.0,0.0,0.0,0.0,0.0,0.0,0.0,0.0,0.0,0.0,0.0,0.0,0.0,0.0,0.0,0.0,0.0,0.0,0.0,0.0,0.0,0.0,0.0,0.0,0.0,0.0,0.0,0.0,0.0,0.0,0.0,0.0,0.0,0.0,0.0,0.0,0.0,0.0,0.0,0.0,0.0,0.0,0.0,0.0,0.0,0.0,0.0,0.0,0.0,0.0,0.0,0.0
fwrite_8,0.25,0.264,0.426,0.268,0.265,0.72,0.996,8.554,0.255,0.284,0.24,0.0,2.273,35.415,3.988,0.247,6.532,0.274,0.25,0.276,0.245,2.376,7.27,0.294,29.952,2.106,0.312,167.424,36.951,21.407,39.981,0.612,1.52,1.216,0.278,0.0,0.392,3.011,9.794,0.262,0.0,0.478,0.0,5.438000000000001,3.922,0.5,0.258,0.725,1.693,2.917,0.642,1.42,0.736,9.305,1.558,0.902,7.981,1.584,1.024,0.248,0.782,0.296,3.34,0.305,0.0,7.42,0.0,0.258,32.652,108.784,0.496,0.25,0.27,7.326,0.24,1.504,20.281,1.27,0.756,0.912,10.546999999999999,0.282,0.273,0.234,107.914,0.827,3.188,0.7629999999999999,30.534,0.27,0.76,2.941,1.27,2.236,0.51,2.58,1.242,3.153,4.6259999999999994,0.0,0.268,16.28,8.55,0.258,1.464,0.244,0.238,3.4,19.206,2.365,0.25,0.24,0.0,1.338,2.416,0.247,0.282,2.202,0.366,0.495,0.244,0.903,0.264,0.255,30.756,0.86,20.289,0.248,0.0,0.324,0.234,1.733,0.256,0.507,32.161,0.0,18.536,0.235,4.91,4.542,20.939,0.745,1.2550000000000001,0.254,0.275,0.719,7.859999999999999,63.045,1.25,1.262,12.09,3.12,1.307,1.033,1.952,0.248,0.492,6.795,3.712,0.295,8.106,0.25,0.27,0.732,0.266,2.84,23.701,0.265,0.717,2.62,24.276,4.157,0.292,9.088,0.28,1.263,1.013,4.85,29.446,0.0,0.264,8.234,3.8049999999999997,0.282,109.496,2.2590000000000003,116.49,0.378,1.37,5.985,0.242,0.29,1.96,102.182,35.969,105.544,0.0,0.0,0.0,0.0,0.0,0.0,0.0,0.0,0.0,0.0,0.0,0.0,0.0,0.0,0.0,0.0,0.0,0.0,0.0,0.0,0.0,0.0,0.0,0.0,0.0,0.0,0.0,0.0,0.0,0.0,0.0,0.0,0.0,0.0,0.0,0.0,0.0,0.0,0.0,0.0,0.0,0.0,0.0,0.0,0.0,0.0,0.0,0.0,0.0,0.0,0.0,0.0,0.0,0.0,0.0,0.0,0.0,0.0,0.0,0.0,0.0,0.0,0.0,0.0,0.0,0.0,0.0,0.0,0.0,0.0,0.0,0.0,0.0,0.0,0.0,0.0,0.0,0.0,0.0,0.0,0.0,0.0,0.0,0.0,0.0,0.0,0.0,0.0,0.0,0.0,0.0,0.0,0.0,0.0,0.0,0.0,0.0,0.0,0.0,0.0,0.0,0.0,0.0,0.0,0.0,0.0,0.0,0.0,0.0,0.0,0.0,0.0,0.0,0.0,0.0,0.0,0.0,0.0,0.0,0.0,0.0,0.0,0.0,0.0,0.0,0.0,0.0,0.0,0.0,0.0,0.0,0.0,0.0,0.0,0.0,0.0,0.0,0.0,0.0,0.0
fwrite_128,0.309,0.243,0.418,0.257,0.326,0.794,1.271,8.918,0.329,0.427,0.37,0.0,2.44,37.484,4.272,0.248,8.123,0.329,0.26,0.329,0.308,2.548,8.953,0.332,28.435,2.46,0.381,226.013,35.383,25.469,39.656,0.425,1.68,1.544,0.311,0.0,0.47,0.921,11.055,0.34,0.0,0.5349999999999999,0.0,47.04800000000001,4.932,0.627,0.324,0.727,1.914,3.022,0.755,1.602,0.898,8.732,1.654,1.017,8.346,1.597,1.141,0.378,0.994,0.314,3.363,0.36,0.0,7.803,0.4,0.323,30.666,163.099,0.492,0.243,0.277,7.25,0.357,2.932,21.928,1.544,0.8320000000000001,1.024,51.504,0.301,0.369,0.233,162.039,1.095,3.198,0.758,29.084,0.338,0.784,3.56,1.412,3.757,0.724,43.565,1.25,3.775,3.003,0.0,0.283,17.873,10.572,0.317,1.5899999999999999,0.272,0.294,3.7479999999999993,15.891,2.834,0.25,0.309,0.0,1.526,2.917,0.272,0.337,1.606,0.458,0.616,1.006,1.048,0.293,0.31,32.801,0.796,24.041,0.351,0.0,0.393,0.294,1.78,0.289,0.637,75.396,0.0,15.13,0.292,6.28,4.6290000000000004,22.566,0.806,1.23,0.262,0.352,0.7889999999999999,9.285,113.783,1.617,1.248,12.143,44.225,1.61,0.334,2.234,0.247,0.5429999999999999,8.472,4.136,0.372,10.634,0.295,0.34,2.188,0.312,4.463,20.968,0.267,0.73,2.256,25.785,45.512,0.342,11.281,0.302,1.614,1.075,4.998,27.813,0.0,0.305,9.146,5.198,0.308,163.972,2.775,173.494,0.332,1.695,6.636,0.31,0.34,2.422,155.407,34.274,159.312,0.0,0.0,0.0,0.0,0.0,0.0,0.0,0.0,0.0,0.0,0.0,0.0,0.0,0.0,0.0,0.0,0.0,0.0,0.0,0.0,0.0,0.0,0.0,0.0,0.0,0.0,0.0,0.0,0.0,0.0,0.0,0.0,0.0,0.0,0.0,0.0,0.0,0.0,0.0,0.0,0.0,0.0,0.0,0.0,0.0,0.0,0.0,0.0,0.0,0.0,0.0,0.0,0.0,0.0,0.0,0.0,0.0,0.0,0.0,0.0,0.0,0.0,0.0,0.0,0.0,0.0,0.0,0.0,0.0,0.0,0.0,0.0,0.0,0.0,0.0,0.0,0.0,0.0,0.0,0.0,0.0,0.0,0.0,0.0,0.0,0.0,0.0,0.0,0.0,0.0,0.0,0.0,0.0,0.0,0.0,0.0,0.0,0.0,0.0,0.0,0.0,0.0,0.0,0.0,0.0,0.0,0.0,0.0,0.0,0.0,0.0,0.0,0.0,0.0,0.0,0.0,0.0,0.0,0.0,0.0,0.0,0.0,0.0,0.0,0.0,0.0,0.0,0.0,0.0,0.0,0.0,0.0,0.0,0.0,0.0,0.0,0.0,0.0,0.0,0.0
fwrite_262144,12.383,0.15,12.398999999999996,0.158,0.7380000000000001,35.403,2.037,407.1170000000002,12.911999999999995,12.766999999999998,22.900999999999975,67.33799999999997,2.41,1667.217,184.81500000000003,12.102999999999994,4398.888999999999,0.45399999999999996,11.978000000000003,0.7620000000000001,0.553,109.35300000000001,352.3409999999999,0.188,22.511,86.74800000000002,0.352,8772.195,135.33900000000008,5166.436,36.144999999999996,0.54,70.94799999999998,61.11100000000022,0.274,94.45900000000002,13.596000000000002,3.4309999999999996,536.157,12.339999999999998,349.93700000000007,23.57499999999997,5.271999999999999,185.3579999999998,192.15499999999997,1.16,12.888999999999996,36.167999999999985,2.15,3.018,0.982,26.71699999999996,160.002,10.718,63.37099999999998,38.28399999999999,383.4159999999999,37.705999999999996,27.87699999999999,12.757,1.239,12.565000000000001,158.56500000000005,12.820000000000002,117.431,359.22799999999995,0.8350000000000001,0.7650000000000001,24.419,8721.389,12.598999999999995,12.061999999999998,12.569999999999997,328.23799999999994,0.55,2.277,952.4630000000002,21.07,36.07299999999997,38.05300000000002,4575.469999999995,12.435999999999993,13.110000000000003,11.965999999999998,8720.413,0.895,135.90499999999994,12.332,23.038,0.27,36.861000000000004,4.401,70.48499999999999,2.985,25.16799999999997,116.70099999999996,1.328,136.325,7.187999999999999,2.944,12.423000000000002,762.9689999999999,4494.570000000001,11.366999999999999,61.99600000000012,0.292,0.244,157.31299999999968,17.486,3.4589999999999996,12.361999999999995,12.101,12.960000000000003,1.326,117.03399999999984,12.530999999999997,0.396,61.89699999999995,0.352,24.825999999999976,67.62300000000005,38.08200000000002,12.073999999999998,0.401,1447.8120000000001,37.635000000000005,5118.131999999999,11.766000000000002,12.167999999999992,0.636,12.022000000000002,84.08600000000003,0.254,0.9690000000000001,874.3539999999999,12.063000000000002,16.427,12.020999999999999,215.41899999999998,219.90900000000002,979.8839999999998,36.22299999999999,27.05099999999999,0.165,12.303999999999997,24.389999999999972,219.714,6500.623999999998,1.21,59.15500000000001,12.628,140.64599999999996,1.296,1.0210000000000001,1.922,12.324000000000002,24.084999999999965,328.334,4.205,0.944,393.1519999999999,0.391,12.468999999999996,36.300999999999995,0.258,3.57,22.846999999999998,12.461000000000002,35.44099999999998,107.01400000000002,571.9580000000001,188.76100000000005,12.806999999999995,4518.527999999998,12.606999999999996,61.656999999999975,0.908,208.952,31.204,11.976000000000003,12.294999999999996,340.74799999999993,119.03400000000005,11.954999999999998,8721.972,5.186,8728.949,0.283,63.200999999999986,6.254,24.230999999999966,0.284,2.366,8715.107,111.24600000000005,8718.335,12.962999999999997,0.145,1.719,54.37,0.155,11.020000000000005,19.475,0.522,0.225,29.251,0.757,0.291,27.08,0.179,0.148,0.46199999999999997,0.685,0.171,10.855999999999998,1.354,0.143,0.775,0.155,0.152,0.145,0.207,0.197,17.938,4.517,0.372,1.413,0.206,14.882,0.209,0.146,0.19,7.719,11.15,0.394,0.308,0.144,0.171,0.849,125.26100000000001,0.8990000000000001,0.28700000000000003,5.496,0.149,0.39,0.477,3.716,2.085,9.869,0.321,12.419,9.463,1.092,0.33299999999999996,0.647,16.16,0.145,0.313,1.842,0.514,0.152,0.437,2.049,0.322,123.48400000000001,0.146,0.464,10.774,11.956,0.147,5.815,0.48,1.483,0.143,0.164,0.44,11.098,33.065,79.186,6.135,0.888,20.104,2.392,0.43399999999999994,4.075,0.38,0.8300000000000001,0.699,1.119,0.165,0.0,0.0,0.0,0.0,0.0,0.0,0.0,0.0,0.0,0.0,0.0,0.0,0.0,0.0,0.0,0.0,0.0,0.0,0.0,0.0,0.0,0.0,0.0,0.0,0.0,0.0,0.0,0.0,0.0,0.0,0.0,0.0,0.0,0.0,0.0,0.0,0.0,0.0,0.0,0.0,0.0,0.0,0.0,0.0,0.0,0.0
fwrite_16,0.812,0.266,0.337,0.26,0.605,0.8,2.182,10.048,0.309,0.436,0.342,0.0,62.61,37.511,4.276,0.252,8.383,0.6100000000000001,0.275,0.32,0.616,2.506,7.4,0.327,29.001,2.438,0.371,289.952,36.027,25.414,41.116,0.577,1.696,1.556,0.354,0.0,0.466,0.915,10.864,0.283,0.0,0.5429999999999999,0.0,6.116,4.285,1.2719999999999998,0.33,0.736,1.893,63.733,1.0060000000000002,2.09,0.908,9.341,1.804,1.025,9.438,1.584,1.682,0.384,1.003,0.32,3.398,0.392,0.0,8.87,0.9960000000000001,0.599,31.308,224.059,0.483,0.245,0.253,7.248,0.623,2.914,20.281,8.228,0.8200000000000001,1.014,52.509000000000015,0.298,0.33,0.227,222.899,1.02,4.298,0.75,29.727,0.332,0.732,6.161,1.581,3.803,0.634,2.778,1.255,4.089,2.906,0.0,0.303,16.325,10.8,0.336,2.5649999999999995,0.253,0.308,4.301000000000001,16.561,4.763,0.248,0.309,0.0,1.545,45.018,0.317,0.32,1.523,0.474,0.751,0.24,1.06,0.255,0.311,32.758,0.818,24.038,0.292,0.0,0.656,0.26,1.692,0.292,0.946,94.307,0.0,15.801,0.286,6.594,4.617,21.428,0.808,1.056,0.283,0.337,0.722,8.281,174.228,1.472,1.207,73.065,3.328,1.625,0.294,2.274,0.253,0.5309999999999999,6.918,4.003,0.748,52.218,0.301,0.31,0.732,0.326,4.503,21.465,0.273,0.718,2.25,85.901,4.37,0.366,11.446,0.335,1.6,1.178,5.968,28.383,0.0,0.33,8.974,4.239,0.323,225.558,5.688000000000001,234.787,0.374,1.405,6.515,0.242,0.333,2.425,215.885,34.914,219.874,0.0,0.24,3.39,55.192,0.0,0.0,28.076,0.0,0.0,38.69,0.0,0.0,35.12,0.235,0.273,0.0,1.03,0.0,0.0,2.053,0.33,1.302,0.38,0.358,0.0,0.0,0.0,4.724,0.0,0.5660000000000001,2.863,0.0,16.051,0.0,0.0,0.348,0.0,0.0,0.578,0.509,0.242,0.282,3.336,0.0,0.0,0.5780000000000001,3.463,0.0,0.38,0.87,0.0,0.0,0.0,0.0,0.0,0.0,1.995,0.0,0.0,0.0,0.24,0.272,0.0,0.967,0.0,0.938,3.276,0.488,0.0,1.234,0.0,0.0,10.651,0.0,4.002,2.508,0.0,0.0,0.0,0.0,0.0,44.892,0.0,0.0,1.4,29.198,3.846,0.0,1.33,0.6659999999999999,0.0,5.068,2.35,0.315,1.2879999999999998,0.0,0.0,0.0,0.0,0.0,0.0,0.0,0.0,0.0,0.0,0.0,0.0,0.0,0.0,0.0,0.0,0.0,0.0,0.0,0.0,0.0,0.0,0.0,0.0,0.0,0.0,0.0,0.0,0.0,0.0,0.0,0.0,0.0,0.0,0.0,0.0,0.0,0.0,0.0,0.0,0.0,0.0,0.0,0.0,0.0
fwrite_131072,8.748000000000001,0.257,8.064999999999998,0.253,1.1280000000000001,23.651999999999997,2.263,253.06799999999996,8.873000000000001,8.561999999999998,14.687,45.326,2.39,1097.45,121.941,8.076,361.359,0.613,7.764000000000003,1.199,0.585,72.12,236.95700000000002,0.522,69.826,58.118,0.655,3407.211,148.13899999999995,876.4989999999998,81.495,0.59,48.27000000000001,40.92,0.322,152.54500000000002,9.205000000000005,4.8389999999999995,359.251,8.174999999999999,317.94899999999996,16.075999999999997,2.193,122.555,128.23899999999998,1.7379999999999998,8.209999999999999,24.856,3.152,2.974,1.3769999999999998,17.98,102.10300000000001,15.599,41.67700000000001,25.984000000000005,237.521,25.378000000000004,18.987000000000002,8.586000000000002,1.733,7.985000000000001,107.94399999999999,8.622,77.97699999999998,221.605,1.2610000000000001,1.429,72.162,3301.832,8.352999999999998,8.46,8.292,218.69599999999997,0.812,2.305,636.6629999999999,69.05799999999999,24.355000000000008,25.139000000000003,340.67100000000016,8.750999999999998,8.276000000000002,7.903000000000002,3300.756,1.225,90.764,8.753999999999998,70.706,27.948,24.352,6.107,48.190000000000005,3.162,17.019000000000005,76.88499999999998,1.235,221.40200000000002,10.081,1.467,8.173,510.03499999999985,425.38,7.558,43.54799999999999,0.255,0.248,102.86399999999998,24.719,4.731,8.075000000000001,8.138,8.163,1.296,77.55800000000002,8.211,0.569,43.294,0.52,16.261,24.713,25.447000000000003,8.293000000000001,40.887,948.016,24.499999999999996,843.349,8.794,8.235000000000001,0.5920000000000001,8.044,56.301,0.236,1.086,562.3180000000001,7.787999999999999,23.253,7.974000000000003,279.086,149.57599999999996,654.5600000000001,24.377999999999997,18.349999999999994,0.285,8.572000000000001,16.009999999999998,127.15599999999999,1746.3470000000002,1.616,38.614000000000004,12.771,92.71300000000001,31.57,1.667,1.882,8.038,15.599,220.14300000000003,35.658,1.09,262.022,0.5529999999999999,8.392000000000001,24.653999999999996,0.296,3.79,62.038,7.969000000000001,23.58299999999999,72.20099999999998,362.723,124.29699999999997,8.780000000000001,441.38499999999993,8.453,41.68000000000001,1.145,140.225,114.377,7.879000000000001,8.256999999999998,233.23999999999998,60.254000000000005,8.129,3302.726,8.402999999999999,3311.567,0.346,41.684999999999995,6.153,15.586999999999998,0.326,32.938,3294.631,131.542,3298.096,8.539,0.24,3.605,123.074,0.262,7.1430000000000025,34.248,1.035,0.358,44.991,2.382,0.28,41.453,0.248,0.274,0.0,1.033,0.307,6.704000000000001,2.16,0.268,1.298,0.335,0.255,0.0,0.295,0.0,65.754,2.98,0.626,3.096,0.32,24.911,0.0,0.24,0.352,0.0,48.754,0.614,0.968,0.25,0.28,3.088,79.07,0.6100000000000001,0.732,3.464,0.0,0.368,0.854,6.268,0.0,46.749,0.8660000000000001,0.0,45.624,1.976,0.0,1.038,60.914,0.25,0.534,3.116,0.917,0.514,1.15,3.327,0.437,77.993,0.275,1.36,48.199,19.368,0.482,4.098,1.23,2.508,1.1480000000000001,0.0,0.0,7.61,51.236,49.730999999999995,11.323,1.475,35.376,3.921,0.8049999999999999,1.318,0.619,0.502,2.278,2.575,0.277,1.1059999999999999,129.064,0.262,0.34,4.664,0.35,5.674,0.0,0.0,0.0,0.0,0.0,0.0,0.0,0.0,0.0,0.0,0.0,0.0,0.0,0.0,0.0,0.0,0.0,0.0,0.0,0.0,0.0,0.0,0.0,0.0,0.0,0.0,0.0,0.0,0.0,0.0,0.0,0.0,0.0,0.0,0.0,0.0,0.0,0.0,0.0
fwrite_4096,0.304,0.245,0.415,0.26,0.351,0.787,1.286,8.981,0.339,0.432,0.338,0.0,2.938,37.719,4.325,0.255,8.475,0.347,0.262,0.293,0.354,2.505,8.631,0.3,29.05,2.351,0.352,233.317,35.819,25.684,40.559,0.65,1.6949999999999998,1.505,0.336,0.0,0.522,0.931,10.976,0.36,0.0,0.5409999999999999,42.652,49.256,4.831,0.6599999999999999,0.357,0.73,1.869,3.689,0.7290000000000001,1.423,0.901,9.367,1.72,1.08,8.418,1.815,1.158,0.382,1.003,0.323,3.496,0.376,0.0,7.895,0.4,0.381,31.09,169.283,0.5469999999999999,0.248,0.274,7.38,0.311,2.674,21.713,1.637,0.8130000000000001,1.08,11.368,0.302,0.326,0.248,168.14,1.043,3.393,0.874,29.767,0.341,0.929,3.754,1.418,3.52,0.775,2.942,1.529,4.141,2.979,1.128,0.424,17.719,10.916,0.32,1.712,0.332,0.298,3.868,16.574,2.967,0.33,0.295,0.0,1.689,2.693,0.335,0.353,1.511,0.44,0.603,0.252,1.034,0.268,0.309,32.619,1.015,24.289,0.289,0.0,0.39,0.258,1.73,0.366,0.641,79.884,0.0,15.81,0.295,6.676,4.732,22.347,0.84,0.7210000000000001,0.26,0.335,0.8799999999999999,52.804,118.257,1.504,1.529,56.852,3.6,1.668,0.342,2.434,0.262,0.5429999999999999,8.145,4.171,0.511,10.312999999999999,0.302,0.313,0.728,0.317,4.229,21.653,0.272,1.935,2.325,71.556,4.87,0.357,11.583,0.356,1.587,1.258,5.038,28.432,0.0,0.322,9.061,47.719,0.32,170.063,3.378,179.086,0.339,1.614,50.093,0.25,0.341,2.554,161.234,34.696000000000005,165.37,0.0,0.0,0.0,0.0,0.0,0.0,0.0,0.0,0.0,0.0,0.0,0.0,0.0,0.0,0.0,0.0,0.0,0.0,0.0,0.0,0.0,0.0,0.0,0.0,0.0,0.0,0.0,0.0,0.0,0.0,0.0,0.0,0.0,0.0,0.0,0.0,0.0,0.0,0.0,0.0,0.0,0.0,0.0,0.0,0.0,0.0,0.0,0.0,0.0,0.0,0.0,0.0,0.0,0.0,0.0,0.0,0.0,0.0,0.0,0.0,0.0,0.0,0.0,0.0,0.0,0.0,0.0,0.0,0.0,0.0,0.0,0.0,0.0,0.0,0.0,0.0,0.0,0.0,0.0,0.0,0.0,0.0,0.0,0.0,0.0,0.0,0.0,0.0,0.0,0.0,0.0,0.0,0.0,0.0,0.0,0.0,0.0,0.0,0.0,0.0,0.0,0.0,0.0,0.0,0.0,0.0,0.0,0.0,0.0,0.0,0.0,0.0,0.0,0.0,0.0,0.0,0.0,0.0,0.0,0.0,0.0,0.0,0.0,0.0,0.0,0.0,0.0,0.0,0.0,0.0,0.0,0.0,0.0,0.0,0.0,0.0,0.0,0.0,0.0,0.0
fwrite_1048576,18.118000000000002,0.124,17.00500000000001,0.259,1.5540000000000003,48.20499999999999,2.418,509.7229999999999,18.544000000000015,17.649000000000004,31.689999999999987,93.432,2.614,2250.203,251.37100000000012,16.63600000000001,445.62399999999997,0.677,15.824000000000003,1.2570000000000001,0.625,149.30599999999995,519.793,0.344,33.945,118.99100000000006,0.347,26180.04,185.56500000000005,27822.442000000003,45.156,0.554,96.87299999999995,82.06700000000009,0.272,50.14700000000002,18.553999999999995,6.9639999999999995,26920.45,16.114999999999995,399.9980000000001,32.518999999999984,59.086,302.06000000000006,257.7130000000001,2.3930000000000007,17.075000000000006,49.20799999999999,3.258,3.268,1.3270000000000002,35.65599999999998,257.42800000000005,17.192,83.89700000000003,51.909000000000006,478.5089999999999,52.910000000000004,37.15000000000002,16.125,1.886,17.919000000000004,215.03699999999984,16.962999999999994,161.909,446.3029999999999,1.3350000000000002,1.6320000000000001,37.093,17.759,16.731,17.208000000000002,17.907000000000014,446.665,0.891,1.763,1327.8769999999995,44.098,49.106000000000044,50.50199999999998,4676.316999999997,17.463000000000005,16.520000000000007,15.842000000000006,12.571,0.858,184.70899999999992,18.100999999999996,34.722,0.794,50.32000000000002,6.852,97.03499999999997,2.74,34.526999999999994,209.10500000000002,1.246,185.447,13.8,3.337,17.982,1073.1889999999999,680.2139999999998,15.363999999999994,86.32300000000002,0.255,0.237,210.8029999999998,29.314999999999998,5.248,16.457000000000008,16.595999999999997,17.767000000000003,1.325,4170.730000000001,15.851000000000006,0.604,84.45300000000007,0.428,33.80500000000003,51.76800000000006,52.44300000000001,15.933,0.488,1954.8379999999995,54.023999999999994,27753.900999999998,15.945000000000004,18.45599999999999,0.767,16.598000000000006,117.80500000000006,0.252,1.1760000000000002,1189.6950000000002,16.313000000000002,28.041,16.265,309.5190000000001,297.68799999999993,1364.5340000000006,49.79,34.35100000000001,0.202,17.71900000000001,33.42600000000003,260.4439999999999,33609.782999999996,1.235,80.03499999999998,13.194,241.45700000000016,4.372,2.1740000000000004,1.91,16.211000000000002,31.999000000000013,487.60699999999986,8.626000000000001,1.51,4541.537999999996,0.49,16.658,50.559,0.26,3.353,40.186,15.841000000000003,48.55599999999998,147.41800000000006,734.5469999999999,305.5820000000001,18.694000000000006,753.2790000000003,18.287,114.31899999999999,1.196,284.21199999999993,51.510000000000005,17.151,17.412000000000006,498.04500000000036,124.45400000000006,16.258999999999993,20.418,10.309999999999999,26172.73,0.398,85.72000000000004,7.332,32.163000000000004,0.292,5.550000000000001,9.978,153.53599999999997,12.251,17.966,0.364,5.369,137.36599999999999,0.395,16.537999999999993,48.948,2.8040000000000003,0.19,75.126,2.388,0.7,66.061,0.406,0.454,0.376,3.778,0.5820000000000001,15.326999999999993,4.465999999999999,0.388,2.044,0.573,0.393,0.123,0.149,0.629,39.648,6.1899999999999995,1.018,4.472,0.157,32.893,0.347,0.126,0.954,0.0,21.989,1.396,0.842,0.52,0.393,3.919,175.992,1.192,0.967,11.018,0.126,0.508,1.843,7.122,2.28,19.845,0.934,0.0,18.619,2.8979999999999997,0.454,0.529,33.207,0.37,0.687,1.415,1.3559999999999999,0.496,1.3860000000000001,6.661999999999999,1.197,170.132,0.515,2.184,21.383,24.558,0.474,12.246,1.936,1.095,1.182,0.0,0.437,15.273000000000001,87.116,110.336,17.121000000000002,2.384,50.872,7.667,1.124,5.586,0.998,1.225,5.311999999999999,3.6609999999999996,0.406,1.2890000000000001,0.0,0.264,1.363,3.878,0.343,4.942,0.492,0.729,0.567,0.397,14.73499999999999,52.861000000000004,47.043,0.42200000000000004,1.85,0.998,0.244,0.0,0.0,0.0,0.0,0.0,0.0,0.0,0.0,0.0,0.0,0.0,0.0,0.0,0.0,0.0,0.0,0.0,0.0,0.0,0.0,0.0,0.0,0.0,0.0,0.0,0.0,0.0,0.0
fwrite_512,0.314,0.314,0.491,0.933,0.339,1.846,1.258,10.954,0.354,1.277,0.286,0.0,3.661,44.869,19.039,0.659,8.929,0.384,0.289,0.334,0.348,13.387,21.221,0.504,29.127,2.581,0.418,276.005,39.173,26.901,40.832,0.686,1.826,1.519,0.347,0.0,0.448,0.9199999999999999,11.623,0.335,0.0,0.58,1.74,11.997,11.14,0.6539999999999999,0.8560000000000001,0.865,1.883,4.429,0.762,1.8860000000000001,0.923,9.532,1.984,1.166,10.258,1.979,1.579,0.379,1.04,0.332,8.714,0.7010000000000001,0.0,9.557,0.4,0.332,31.094,209.391,0.607,0.9139999999999999,0.354,36.047,0.334,3.052,83.45599999999999,1.613,1.8719999999999999,1.221,19.594000000000005,0.315,0.343,0.308,208.085,1.061,3.806,0.95,29.826,0.341,1.008,3.743,1.597,3.984,0.637,3.363,2.065,4.068,2.912,0.998,0.345,61.45,11.411,0.317,4.343,0.333,0.298,6.253999999999999,16.779,2.964,0.302,0.332,0.0,1.911,5.654,0.295,0.329,1.549,0.611,0.659,0.306,9.677,0.0,0.305,39.151,1.059,29.580000000000002,0.295,0.0,0.4,0.335,6.733,0.339,0.708,44.107,0.0,16.029,0.295,6.443,10.93,90.62299999999999,11.481,1.355,0.323,0.36,1.745,12.685,82.844,2.488,1.494,17.344,4.056,1.615,0.315,69.845,0.655,0.608,19.778,4.058,0.498,20.073999999999998,0.303,0.855,1.748,0.316,4.74,21.789,0.333,1.776,15.06,34.042,5.335,3.04,12.083,0.8800000000000001,1.643,1.671,5.803,28.514,0.0,0.837,9.708,7.539,0.32,210.466,3.683,222.532,0.711,3.627,9.486,0.318,0.671,2.572,132.803,37.283,204.556,0.0,0.0,0.0,0.0,0.0,0.0,0.0,0.0,0.0,0.0,0.0,0.0,0.0,0.0,0.0,0.0,0.0,0.0,0.0,0.0,0.0,0.0,0.0,0.0,0.0,0.0,0.0,0.0,0.0,0.0,0.0,0.0,0.0,0.0,0.0,0.0,0.0,0.0,0.0,0.0,0.0,0.0,0.0,0.0,0.0,0.0,0.0,0.0,0.0,0.0,0.0,0.0,0.0,0.0,0.0,0.0,0.0,0.0,0.0,0.0,0.0,0.0,0.0,0.0,0.0,0.0,0.0,0.0,0.0,0.0,0.0,0.0,0.0,0.0,0.0,0.0,0.0,0.0,0.0,0.0,0.0,0.0,0.0,0.0,0.0,0.0,0.0,0.0,0.0,0.0,0.0,0.0,0.0,0.0,0.0,0.0,0.0,0.0,0.0,0.0,0.0,0.0,0.0,0.0,0.0,0.0,0.0,0.0,0.0,0.0,0.0,0.0,0.289,1.227,0.42,2.732,0.283,0.363,0.385,1.018,2.6159999999999997,0.306,7.169,0.32,1.619,0.314,0.425,64.112,1.411,0.0,0.0,0.0,0.0,0.0,0.0,0.0,0.0,0.0,0.0,0.0
fwrite_1024,0.33,0.246,0.42,0.262,0.323,0.777,1.255,8.498,0.3,0.414,0.242,0.0,2.517,36.246,4.45,0.252,8.087,0.332,0.293,0.338,0.32,2.676,7.983,0.452,28.924,2.258,0.372,223.167,35.742999999999995,65.364,40.162,0.558,1.804,1.558,0.302,0.0,0.42,0.923,10.305,0.264,0.0,0.548,1.335,7.058000000000001,4.146,0.604,0.304,0.753,1.934,3.105,0.776,1.483,0.785,8.695,1.633,1.09,7.924,1.559,1.1520000000000001,0.371,1.006,0.3,3.4,0.387,0.0,7.404,0.403,0.325,31.013,159.982,0.486,0.246,0.286,7.422,0.311,2.695,21.029,1.563,0.8210000000000001,0.947,10.455,0.25,0.292,0.242,158.935,1.009,3.118,0.751,29.649,0.328,0.75,3.554,1.188,3.548,0.6930000000000001,2.505,1.26,3.978,2.901,0.71,0.29,17.095,50.823,0.304,1.527,0.28,0.302,3.598,15.857,2.834,0.244,0.248,0.0,1.523,2.432,0.242,0.385,1.258,0.477,0.708,0.683,1.148,0.306,0.308,31.521,0.796,63.768,0.234,0.0,0.394,0.277,1.745,0.29,0.626,34.795,0.0,14.972,0.289,6.292,4.682,21.66,0.815,0.82,0.264,0.576,0.721,10.139,111.253,1.471,1.253,12.525,3.13,1.618,0.323,2.255,0.25,0.487,7.488,4.638,0.375,9.108,0.32,0.307,1.327,0.339,4.323,21.446,0.275,0.717,2.265,26.521,4.177,0.366,51.669,0.308,1.662,1.089,4.79,28.31,0.0,0.32,8.443,6.056,0.317,160.771,2.662,170.07,0.345,1.34,6.665,0.25,0.313,2.443,151.998,34.635,155.985,0.0,0.0,0.0,0.0,0.0,0.0,0.0,0.0,0.0,0.0,0.0,0.0,0.0,0.0,0.0,0.0,0.0,0.0,0.0,0.0,0.0,0.0,0.0,0.0,0.0,0.0,0.0,0.0,0.0,0.0,0.0,0.0,0.0,0.0,0.0,0.0,0.0,0.0,0.0,0.0,0.0,0.0,0.0,0.0,0.0,0.0,0.0,0.0,0.0,0.0,0.0,0.0,0.0,0.0,0.0,0.0,0.0,0.0,0.0,0.0,0.0,0.0,0.0,0.0,0.0,0.0,0.0,0.0,0.0,0.0,0.0,0.0,0.0,0.0,0.0,0.0,0.0,0.0,0.0,0.0,0.0,0.0,0.0,0.0,0.0,0.0,0.0,0.0,0.0,0.0,0.0,0.0,0.0,0.0,0.0,0.0,0.0,0.0,0.0,0.0,0.0,0.0,0.0,0.0,0.0,0.0,0.0,0.0,0.0,0.0,0.0,0.0,0.0,0.0,0.0,0.0,0.0,0.0,0.0,0.0,0.0,0.0,0.0,0.0,0.0,0.0,0.0,0.0,0.0,0.0,0.0,0.0,0.0,0.0,0.0,0.0,0.0,0.0,0.0,0.0
fwrite_2048,0.305,0.244,0.432,0.252,0.338,0.787,1.218,8.968,0.352,0.413,0.337,0.0,2.778,36.927,4.332,0.242,8.41,0.338,0.265,0.295,0.348,2.473,8.037,0.343,29.838,2.534,0.383,231.257,36.639,25.466,41.428,0.643,1.7029999999999998,1.505,0.298,0.0,0.472,0.905,10.843,0.35,0.0,0.546,1.418,7.944,4.852,0.643,0.305,0.724,2.018,3.548,0.744,1.531,0.932,9.829,1.648,1.229,8.257,1.8889999999999998,1.154,0.372,1.016,0.32,3.432,0.37,0.0,7.74,0.397,0.329,31.927,166.542,0.578,0.287,0.272,7.37,0.331,2.629,21.134,1.64,0.812,1.022,11.465000000000002,0.307,0.323,0.244,165.449,1.018,3.261,0.972,30.567,0.345,0.94,3.757,1.392,3.467,0.609,2.951,1.514,3.941,2.938,0.772,0.345,17.086,10.828,0.348,1.7469999999999999,0.378,0.294,3.888999999999999,17.176,2.961,0.311,0.291,0.0,1.492,2.9059999999999997,0.297,0.317,1.532,0.455,0.614,0.837,1.012,0.278,0.301,32.087,0.977,24.084,0.292,0.0,0.397,0.245,1.723,0.289,0.685,79.095,0.0,16.413,0.29,6.581,4.647,21.811,0.837,1.008,0.27,0.366,0.8739999999999999,11.616,117.256,1.586,1.584,14.595,3.612,1.628,0.329,2.203,0.252,0.5449999999999999,7.555,4.2,0.496,10.502,0.298,0.305,1.285,0.32,4.169,22.29,0.272,0.712,2.326,69.356,4.883,0.354,11.472,0.328,1.643,1.14,4.93,29.232,0.0,0.317,8.914,6.7509999999999994,0.32,167.347,3.862,176.521,0.337,1.658,7.674,0.238,0.348,2.422,158.792,35.534,162.671,0.0,0.0,0.0,0.0,0.0,0.0,0.0,0.0,0.0,0.0,0.0,0.0,0.0,0.0,0.0,0.0,0.0,0.0,0.0,0.0,0.0,0.0,0.0,0.0,0.0,0.0,0.0,0.0,0.0,0.0,0.0,0.0,0.0,0.0,0.0,0.0,0.0,0.0,0.0,0.0,0.0,0.0,0.0,0.0,0.0,0.0,0.0,0.0,0.0,0.0,0.0,0.0,0.0,0.0,0.0,0.0,0.0,0.0,0.0,0.0,0.0,0.0,0.0,0.0,0.0,0.0,0.0,0.0,0.0,0.0,0.0,0.0,0.0,0.0,0.0,0.0,0.0,0.0,0.0,0.0,0.0,0.0,0.0,0.0,0.0,0.0,0.0,0.0,0.0,0.0,0.0,0.0,0.0,0.0,0.0,0.0,0.0,0.0,0.0,0.0,0.0,0.0,0.0,0.0,0.0,0.0,0.0,0.0,0.0,0.0,0.0,0.0,0.0,0.0,0.0,0.0,0.0,0.0,0.0,0.0,0.0,0.0,0.0,0.0,0.0,0.0,0.0,0.0,0.0,0.0,0.0,0.0,0.0,0.0,0.0,0.0,0.0,0.0,0.0,0.0
fwrite_32,0.317,0.244,0.33,0.255,0.394,0.785,1.234,8.754,0.299,0.435,0.302,0.0,3.357,36.861,4.35,0.247,8.678,0.338,0.262,0.296,0.348,2.523,8.001,0.398,29.724,2.3,0.432,239.459,36.522000000000006,25.761,41.407,0.676,1.712,1.511,0.302,0.0,0.473,0.8939999999999999,10.822,0.352,0.0,0.544,0.0,6.599000000000001,5.018,0.6559999999999999,0.325,0.728,2.145,4.17,0.7330000000000001,1.649,0.951,9.227,1.66,1.053,8.143,42.293,1.15,0.378,1.015,0.311,3.436,0.381,0.0,7.621,0.416,0.323,31.823,166.474,0.5449999999999999,0.25,0.254,7.362,0.314,2.446,21.111,1.68,0.8290000000000001,1.018,11.394,0.308,0.32,0.234,165.362,1.054,3.196,0.867,30.438,0.338,0.93,3.791,1.465,3.283,0.614,2.972,1.539,3.983,2.892,0.0,0.432,17.029,11.117,0.33,1.57,0.324,0.32,3.849,16.53,3.006,0.25,0.297,0.0,1.529,2.7859999999999996,0.268,0.352,1.622,0.465,0.599,0.655,1.052,0.29,0.317,31.817,0.944,24.379,0.317,0.0,0.385,0.268,1.714,0.345,0.6739999999999999,78.531,0.0,15.78,0.299,6.886,4.68,21.771,0.843,1.2200000000000002,0.258,0.337,0.8859999999999999,50.413999999999994,117.275,1.51,1.499,55.927,3.641,1.609,0.323,2.277,0.246,0.5449999999999999,7.523,4.163,0.512,10.698,0.304,0.345,1.374,0.323,3.995,21.625,0.266,0.722,2.292,69.494,4.934,0.382,11.792,0.334,1.561,1.154,4.826,29.1,0.0,0.305,8.868,5.069,0.31,167.266,3.412,176.015,0.343,1.643,48.672,0.245,0.36,2.397,158.518,35.410000000000004,162.492,0.0,0.0,0.0,0.0,0.0,0.0,0.0,0.0,0.0,0.0,0.0,0.0,0.0,0.0,0.0,0.0,0.0,0.0,0.0,0.0,0.0,0.0,0.0,0.0,0.0,0.0,0.0,0.0,0.0,0.0,0.0,0.0,0.0,0.0,0.0,0.0,0.0,0.0,0.0,0.0,0.0,0.0,0.0,0.0,0.0,0.0,0.0,0.0,0.0,0.0,0.0,0.0,0.0,0.0,0.0,0.0,0.0,0.0,0.0,0.0,0.0,0.0,0.0,0.0,0.0,0.0,0.0,0.0,0.0,0.0,0.0,0.0,0.0,0.0,0.0,0.0,0.0,0.0,0.0,0.0,0.0,0.0,0.0,0.0,0.0,0.0,0.0,0.0,0.0,0.0,0.0,0.0,0.0,0.0,0.0,0.0,0.0,0.0,0.0,0.0,0.0,0.0,0.0,0.0,0.0,0.0,0.0,0.0,0.0,0.0,0.0,0.0,0.0,0.0,0.0,0.0,0.0,0.0,0.0,0.0,0.0,0.0,0.0,0.0,0.0,0.0,0.0,0.0,0.0,0.0,0.0,0.0,0.0,0.0,0.0,0.0,0.0,0.0,0.0,0.0
fwrite_32768,5.966000000000001,0.4,4.737,2.06,2.0429999999999997,10.256000000000002,2.816,172.17000000000002,7.704000000000001,8.495000000000001,3.324,33.304,2.6,705.912,59.328,4.775,444.806,0.8069999999999999,11.149000000000001,2.0,0.886,33.291999999999994,151.65699999999998,0.6,377.536,29.094,1.048,2643.964,413.19599999999997,677.21,395.162,0.626,27.715,16.177000000000003,0.49,13.269,7.071,19.01899999999999,151.45600000000002,8.282,100.87899999999999,8.157,0.0,97.27699999999999,63.32500000000001,7.565,6.728000000000001,18.162,5.088,3.292,3.859,12.377,14.131,98.592,23.338,10.191,127.89499999999998,16.619000000000003,12.961999999999996,3.4379999999999997,2.735,3.399,57.32599999999999,3.708,48.015,117.063,2.7960000000000003,2.2849999999999997,381.014,2211.349,3.14,3.111,3.7380000000000004,112.03,1.203,2.638,421.461,89.695,9.825999999999999,15.824,327.0489999999999,3.0000000000000004,3.365,3.2729999999999997,2209.966,1.96,50.022000000000006,7.668000000000001,378.786,2.92,16.26,18.895,27.886,3.742,8.176,75.335,1.801,390.08000000000004,60.454,0.0,3.465,288.15099999999995,480.81899999999996,3.6590000000000003,28.921000000000003,0.257,0.43,44.650000000000006,129.248,8.696,2.987,3.053,2.871,2.275,183.95499999999998,3.32,0.884,16.636,1.012,7.1450000000000005,8.694,12.623,3.4760000000000004,1.071,629.725,17.671999999999997,663.384,3.061,3.1830000000000003,0.788,3.4170000000000003,65.364,0.425,1.6869999999999998,332.61800000000005,6.883,127.143,3.0140000000000002,418.667,74.911,429.9270000000001,9.896,7.815000000000001,0.783,3.9779999999999998,6.194,58.626,1315.973,2.632,16.522,13.057,86.99799999999999,7.055,3.635,3.21,3.1769999999999996,8.433,145.052,267.60900000000004,1.655,284.349,0.932,3.325,9.829,0.44,4.644,400.65999999999997,3.29,9.369,30.855999999999995,190.67099999999996,103.11999999999999,4.859,489.701,9.009,22.399,1.82,74.935,425.678,4.813,3.3480000000000003,123.13600000000001,24.944000000000003,4.699999999999999,2212.436,86.519,2226.882,0.458,21.846,7.122,6.483,0.345,13.178,2199.701,406.031,2205.556,3.688,0.407,5.901,264.183,0.475,0.0,112.59,3.106,0.0,148.856,3.722,0.453,140.398,0.956,0.38,1.278,2.21,0.412,0.0,8.926,0.547,2.283,0.663,2.005,0.414,0.0,0.0,84.518,0.0,0.8280000000000001,4.887,0.0,90.934,0.74,0.0,0.698,0.0,55.06,1.34,1.008,0.74,0.463,4.187,0.0,0.0,1.287,16.604,0.452,0.666,1.705,51.464,6.984,51.332,0.996,0.0,49.886,4.852,1.266,0.0,76.046,0.43,0.892,0.0,3.136,0.802,1.577,11.598,1.012,0.0,0.42,3.793,53.936,79.806,0.798,21.611,1.33,0.0,1.697,0.0,1.408,0.0,165.453,0.0,63.352,2.102,114.942,12.551,5.299,12.74,1.198,0.0,3.766,3.988,0.746,0.0,0.0,0.42,1.5,6.165,0.45,7.678,0.0,0.0,0.0,0.0,0.0,0.0,0.0,0.0,0.0,0.0,0.0,0.0,0.0,0.0,0.0,0.0,0.0,0.0,0.0,0.0,0.0,0.0,0.0,0.0,0.0,0.0,0.0,0.0,0.0,0.0,0.0,0.0,0.0,0.0,0.0,0.0,0.0,0.0,0.0
fwrite_256,0.736,0.263,0.45,0.27,0.611,0.805,2.153,9.3,0.292,0.433,0.245,0.0,2.405,37.884,4.498,0.38,7.078,0.6120000000000001,0.248,0.329,0.5800000000000001,2.566,7.817,0.352,200.803,2.242,0.662,413.658,209.801,22.813,213.621,0.513,1.7610000000000001,1.272,0.242,0.0,0.428,4.545000000000001,10.043,0.26,0.0,0.478,0.0,6.133000000000001,4.214,1.2149999999999999,0.31,0.735,1.92,3.023,1.077,3.074,0.758,12.094,1.648,1.062,8.537,1.553,1.351,0.34,1.034,0.308,4.238,0.368,0.0,7.983,0.324,0.597,204.392,115.391,0.485,0.244,0.28,7.604,0.55,1.893,21.096,8.229,0.8320000000000001,0.95,10.49,0.25,0.32,0.253,114.48,1.236,3.047,0.74,201.782,0.317,0.766,6.188,1.258,2.81,0.562,2.862,1.237,3.28,8.357,0.0,0.268,17.151,9.22,0.258,2.5410000000000004,0.26,0.24,3.7540000000000004,24.474,4.804,0.25,0.246,0.0,1.187,2.402,0.245,0.317,1.405,0.403,0.501,0.248,1.102,0.283,0.395,32.291,0.806,21.416,0.255,0.0,0.653,0.288,1.88,0.23,0.903,32.883,0.0,23.715,0.245,5.48,5.519,21.713,0.88,1.1280000000000001,0.266,0.33,0.731,8.228,65.86,1.472,1.245,12.011,3.428,1.612,1.525,1.772,0.243,0.482,7.31,166.894,0.853,8.350999999999999,0.302,0.338,0.72,0.282,3.507,193.122,0.268,0.752,2.358,24.531,4.484,0.343,9.808,0.31,1.486,1.363,5.158,200.216,0.0,0.316,8.437,4.114,0.263,116.097,5.779,124.113,0.425,1.364,6.333,0.266,0.337,2.416,108.764,208.716,111.997,0.0,0.245,3.96,58.812,0.0,0.0,31.186,0.0,0.0,41.902,0.0,0.0,38.505,0.253,0.265,0.0,0.9,0.0,0.0,2.264,0.372,1.265,0.433,0.266,0.0,0.0,0.0,4.432,0.0,0.5820000000000001,3.45,0.0,19.156,0.0,0.0,0.354,0.0,0.0,0.59,0.534,0.25,0.323,3.152,0.0,0.0,0.5569999999999999,3.514,0.0,0.378,0.882,0.0,0.0,0.0,0.0,0.0,0.0,1.977,0.0,0.0,0.0,0.27,0.265,0.0,0.906,0.0,1.227,3.435,0.466,0.0,0.518,0.0,0.0,13.786,0.0,4.04,1.816,0.0,0.0,0.0,0.0,0.0,48.256,0.0,0.0,1.4,32.429,4.008,0.0,1.342,0.7030000000000001,0.0,4.655,2.927,0.28,1.22,0.0,0.0,0.0,0.0,0.0,0.0,0.0,0.0,0.0,0.0,0.0,0.0,0.0,0.0,0.0,0.0,0.0,0.0,0.0,0.0,0.0,0.0,0.0,0.0,0.0,0.0,0.0,0.0,0.0,0.0,0.0,0.0,0.0,0.0,0.0,0.0,0.0,0.0,0.0,0.0,0.0,0.0,0.0,0.0,0.0
fwrite_524288,21.181000000000008,0.24,21.188999999999993,0.244,1.0250000000000001,57.93099999999999,2.463,645.5900000000001,21.334000000000003,21.03599999999999,39.25299999999999,115.01699999999992,2.877,27654.251000000007,329.56000000000006,19.791000000000007,487.20600000000024,0.617,19.851000000000006,1.2209999999999999,0.732,181.417,592.5249999999997,0.313,22.605,143.52999999999994,0.326,0.0,206.81700000000012,1834.634,36.186,0.572,119.88500000000002,101.91000000000034,0.248,62.085000000000015,22.830999999999996,6.4479999999999995,959.9229999999998,20.979999999999997,489.444,41.00600000000001,8.15,303.652,316.81100000000004,1.8229999999999995,21.291999999999987,59.18900000000003,2.092,3.442,1.567,42.955999999999975,270.84399999999994,16.436,102.84599999999996,64.1,605.4899999999999,62.07,44.90100000000003,20.44000000000001,1.221,21.973,277.1689999999998,20.80100000000001,198.6890000000001,564.981,0.8970000000000001,1.2739999999999998,24.399,16699.75,20.509,20.643,20.414999999999985,566.8530000000001,0.685,2.145,26473.129,20.502000000000002,59.37300000000001,61.34299999999994,8939.582000000006,21.666,20.006999999999994,19.854000000000013,33.852,0.832,225.4990000000001,20.881999999999998,23.127,0.268,61.00899999999998,6.354,147.39800000000005,2.863,40.93200000000001,193.86199999999997,1.302,225.65400000000008,13.141,3.538,20.313999999999993,1295.354,648.5589999999999,18.896,102.62600000000015,0.254,0.262,256.7129999999986,23.545,4.462,20.786,20.281999999999996,21.482000000000003,1.202,8366.823000000004,20.273999999999994,0.539,102.31700000000006,0.415,40.80699999999999,61.9140000000001,63.55499999999999,20.084000000000003,0.401,27276.684,64.457,1753.829,19.332000000000004,20.491999999999983,0.793,19.584999999999994,138.10799999999992,0.237,1.129,1524.4030000000002,20.272999999999993,22.548000000000002,19.85200000000001,365.2019999999999,376.5760000000001,26538.317000000003,59.731000000000016,43.16199999999997,0.243,21.410000000000004,40.95899999999999,398.095,4095.209000000001,1.222,98.43800000000005,13.12,233.43699999999995,1.276,2.168,1.777,19.935999999999996,39.672999999999995,553.286,4.468999999999999,0.986,8823.612000000003,0.394,20.878000000000004,59.57200000000003,0.272,3.448,29.162999999999997,19.994999999999987,60.16,176.67600000000004,1024.374,313.08899999999994,21.987000000000002,688.4740000000004,21.877,117.46199999999999,0.993,349.335,37.763,20.381,20.790999999999986,628.2640000000005,167.66800000000003,19.987000000000016,16707.56,7.553,16749.41,0.368,104.84999999999997,6.203,39.89299999999998,0.305,2.354,3.617,166.59700000000004,4.098,22.19499999999999,0.469,3.4779999999999998,104.626,0.302,19.373000000000015,38.832,3.433,0.283,74.2,0.769,0.844,53.287,0.28700000000000003,0.275,0.903,0.907,0.433,18.36000000000001,2.63,0.28,1.666,0.365,0.299,0.271,0.31,0.346,16.4,7.659,0.795,2.878,0.317,29.223999999999997,0.55,0.24,0.402,8.288,1.334,0.793,0.584,0.289,0.30800000000000005,1.63,213.103,1.527,1.095,10.536,0.275,0.418,1.0270000000000001,4.904,4.251,0.0,0.632,0.0,15.927,2.0860000000000003,0.681,0.609,12.99,0.279,0.605,3.29,0.9610000000000001,0.163,0.907,3.9829999999999997,0.624,210.37300000000005,0.394,1.328,1.033,23.692999999999998,0.28200000000000003,11.151,1.337,2.684,0.46699999999999997,0.156,0.897,19.072000000000003,81.67099999999999,134.09400000000005,13.844999999999999,2.046,40.019999999999996,4.779999999999999,0.853,8.059,0.687,1.393,2.1879999999999997,2.322,0.32699999999999996,0.0,0.0,0.154,0.649,1.648,0.0,2.246,0.0,0.0,0.0,0.329,0.0,1.384,0.0,0.0,0.846,0.0,0.0,0.0,0.0,0.0,0.0,0.0,0.0,0.0,0.0,0.0,0.0,0.0,0.0,0.0,0.0,0.0,0.0,0.0,0.18,0.152,0.147,0.292,16.227,0.19,0.129,0.254,0.711,1.242,0.0
fwrite_64,0.838,0.245,0.415,0.258,0.6699999999999999,0.784,2.271,8.74,0.284,0.427,0.236,0.0,2.78,36.449,4.477,0.248,7.837,0.676,0.235,5.726,0.7170000000000001,2.67,7.492,0.34,35.256,2.2,0.415,294.242,42.043,22.533,46.879,0.525,1.504,1.2429999999999999,0.308,0.0,0.446,0.919,9.218,0.265,0.0,0.477,0.0,5.652,4.24,1.2830000000000001,0.303,0.826,1.908,3.39,1.087,1.811,0.768,14.884,1.618,1.022,8.164,1.623,1.512,1.4,1.031,0.315,3.332,0.398,0.0,7.631,1.1709999999999998,0.662,37.33,154.399,0.494,0.25,0.268,7.422,0.667,1.929,21.141,9.544,0.798,0.966,10.370000000000001,0.242,0.31,0.232,153.208,1.096,3.328,0.75,35.987,0.434,0.754,6.676,1.21,2.818,1.2449999999999999,2.527,1.237,3.245,3.022,0.0,0.27,16.599,9.944,0.28,2.8369999999999997,0.283,0.299,3.5189999999999997,22.327,5.167,0.247,0.244,0.0,1.512,2.997,0.26,0.32,1.28,0.443,0.492,0.238,1.134,0.26,0.307,31.749,0.78,21.368,0.242,0.0,0.698,0.3,1.794,0.3,0.996,33.573,0.0,21.558,0.24,6.093,4.595000000000001,21.783,0.78,1.0710000000000002,0.257,0.48,0.741,8.349,105.802,1.584,1.276,13.101,3.088,1.705,0.327,2.234,0.25,0.481,6.982,4.194,0.8360000000000001,8.935,0.295,0.31,0.72,0.314,3.532,27.417,0.27,0.716,2.223,25.474,4.113,0.322,10.531,0.294,1.478,1.267,5.081,34.625,0.0,0.33,7.624,4.159,0.24,155.181,5.907,164.159,0.36,1.44,6.513,0.253,0.328,2.502,146.511,40.934,150.441,0.0,0.292,4.013,66.477,0.0,0.0,31.967,0.0,0.0,47.195,0.0,0.0,42.047,0.311,0.314,0.0,1.393,0.0,0.0,2.392,0.317,1.545,0.4,0.329,0.0,0.0,0.0,5.581,0.0,0.7050000000000001,3.388,0.0,18.804,0.0,0.0,0.385,0.0,0.0,1.457,0.6,1.597,0.376,3.907,0.0,0.0,0.661,4.184,0.0,0.425,0.98,0.0,0.0,0.0,0.0,0.0,0.0,2.372,0.0,0.0,0.0,0.302,0.323,0.0,1.107,0.0,1.129,3.874,0.48,0.0,0.625,0.0,0.0,12.141,0.0,4.951,2.123,0.0,0.0,0.0,0.0,0.0,54.397,0.0,0.0,1.683,34.678,4.575,0.0,1.616,0.746,0.0,5.06,2.739,0.345,1.4649999999999999,0.0,0.0,0.0,0.0,0.0,0.0,0.0,0.0,0.0,0.0,0.0,0.0,0.0,0.0,0.0,0.0,0.0,0.0,0.0,0.0,0.0,0.0,0.0,0.0,0.0,0.0,0.0,0.0,0.0,0.0,0.0,0.0,0.0,0.0,0.0,0.0,0.0,0.0,0.0,0.0,0.0,0.0,0.0,0.0,0.0
fwrite_16384,1.0299999999999998,0.263,1.186,0.265,0.389,2.9190000000000005,1.219,32.028,1.089,1.205,1.198,5.39,2.48,138.39000000000001,16.480999999999998,0.988,26.939999999999998,0.342,1.001,0.332,0.391,10.1,28.79,0.482,29.681,7.665,0.363,501.55,43.23700000000001,128.371,41.404,0.724,6.071,5.295000000000001,0.305,2.5140000000000002,1.3070000000000002,0.923,80.021,1.042,20.624000000000002,1.9739999999999998,0.0,18.65,15.641,0.635,1.0550000000000002,2.927,1.928,3.077,0.757,3.1069999999999993,2.955,9.486,5.443,3.431,29.993000000000002,3.872,2.734,1.107,1.049,1.0939999999999999,13.048000000000002,2.097,8.735,28.0,0.446,0.32,31.887,436.342,1.2530000000000001,1.027,1.022,29.913999999999998,0.308,2.517,81.017,1.64,3.029,3.3040000000000003,40.624,1.054,1.232,0.975,435.257,0.988,11.618,1.541,30.432,0.335,3.226,3.732,7.841000000000001,3.385,2.117,9.741999999999999,1.247,12.906,2.969,0.0,1.068,65.464,35.444,1.045,5.371,0.262,0.311,13.086,16.99,2.936,1.013,1.0090000000000001,0.8540000000000001,1.532,9.649999999999999,1.006,0.32,47.467999999999996,0.471,2.3080000000000003,2.614,4.292999999999999,0.994,0.309,120.30799999999999,3.0500000000000003,123.92,1.312,0.76,0.339,1.027,6.859999999999999,0.289,0.6619999999999999,85.383,0.8440000000000001,16.046,1.045,20.115000000000002,17.904999999999998,83.353,3.0119999999999996,3.6110000000000007,0.268,1.085,2.1879999999999997,20.095,251.807,1.532,5.239,13.316,11.745000000000001,1.606,0.336,2.259,1.041,1.954,26.873,4.025,0.482,32.23800000000001,0.305,1.07,2.928,0.345,4.095,21.915,1.026,2.8659999999999997,10.158000000000001,59.209,16.132,1.199,37.767,1.0590000000000002,5.284000000000001,1.105,17.846000000000004,29.058,0.888,1.074,73.922,10.113,1.0579999999999998,437.134,3.4530000000000003,446.177,0.345,5.148000000000001,6.738,1.946,0.328,2.409,428.218,40.707,432.337,0.977,0.0,0.0,0.0,0.0,0.0,0.0,0.0,0.0,0.0,0.0,0.0,0.0,0.0,0.0,0.0,0.0,0.0,0.0,0.0,0.0,0.0,0.0,0.0,0.0,0.0,0.0,0.0,0.0,0.0,0.0,0.0,0.0,0.0,0.0,0.0,0.0,0.0,0.0,0.0,0.0,0.0,0.0,0.0,0.0,0.0,0.0,0.0,0.0,0.0,0.0,0.0,0.0,0.0,0.0,0.0,0.0,0.0,0.0,0.0,0.0,0.0,0.0,0.0,0.0,0.0,0.0,0.0,0.0,0.0,0.0,0.0,0.0,0.0,0.0,0.0,0.0,0.0,0.0,0.0,0.0,0.0,0.0,0.0,0.0,0.0,0.0,0.0,0.0,0.0,0.0,0.0,0.0,0.0,0.0,0.0,0.0,0.0,0.0,0.0,0.0,0.0,0.0,0.0,0.0,0.0,0.0,0.0,0.0,0.0,0.0,0.0,0.0,0.0,0.0,0.0,0.0,0.0,0.0,0.0,0.0,0.0,0.0,0.0,0.0,0.0,0.0,0.0,0.0,0.0,0.0,0.0,0.0,0.0,0.0,0.0,0.0,0.0,0.0,0.0
fwrite_65536,3.967,0.258,4.429,0.254,0.341,11.686,1.289,128.694,4.4670000000000005,4.4399999999999995,7.605000000000002,22.535,2.642,553.153,60.81,4.146,94.61100000000002,0.332,4.077,0.289,0.354,35.823,118.456,0.386,36.93,29.443999999999996,0.391,1793.342,79.69300000000001,350.52599999999995,49.705,0.697,23.745,19.74199999999999,0.324,11.472999999999999,4.712999999999999,3.6319999999999997,178.48899999999998,4.3,92.806,7.734000000000003,0.0,63.58500000000001,67.07900000000001,0.647,4.311,12.354,1.883,3.308,0.742,9.299999999999999,51.432,11.786,21.40299999999999,13.258000000000001,120.864,13.804999999999998,9.290000000000001,3.994999999999999,1.003,4.042,55.077000000000005,4.109999999999999,38.163,112.97399999999999,0.0,0.332,39.862,1676.989,25.627,4.114,4.282,107.35599999999998,0.288,45.378,317.144,1.655,12.268000000000004,13.064,153.5629999999999,4.024,4.125,3.922,1676.057,1.028,45.984,4.856000000000001,37.644,0.326,11.952,3.659,25.199,46.355,8.4,36.566,2.492,44.23700000000001,5.739,0.0,4.194,252.67900000000003,126.93900000000001,3.864,20.392999999999997,0.392,0.238,51.97899999999998,24.281,2.95,4.095,3.856,3.9720000000000004,1.298,39.529,4.008,0.317,20.186999999999998,0.552,8.022000000000002,12.138000000000002,12.609000000000002,4.047,0.311,476.515,12.567,334.66400000000004,3.9800000000000004,3.7990000000000004,0.4,4.067,28.798,0.242,0.651,317.09399999999994,3.7429999999999994,23.515,3.909,70.795,76.238,326.4440000000001,11.894,9.734999999999996,0.282,3.9440000000000004,8.331,93.13000000000001,954.8610000000001,1.592,19.232999999999997,16.773,44.409,1.711,1.241,1.89,4.085999999999999,7.901000000000001,110.55499999999999,4.194,0.483,135.90300000000002,0.302,4.188,12.348000000000003,0.302,47.295,29.401,4.072,11.633,34.872,218.094,60.113000000000014,4.382,134.84900000000002,4.529,20.195,1.473,71.12,36.305,3.9899999999999998,4.15,115.15,33.288000000000004,3.9010000000000002,1677.759,3.283,1730.442,0.375,22.067999999999998,10.22,7.595000000000001,0.32,2.511,1669.787,71.073,1673.287,4.226,0.0,0.0,0.0,0.0,3.4339999999999993,0.0,0.0,0.0,0.0,0.0,0.0,0.0,0.0,0.0,0.0,0.0,0.0,3.3690000000000007,0.0,0.0,0.0,0.0,0.0,0.0,0.0,0.0,0.0,1.46,0.0,0.0,0.0,0.0,0.0,0.0,0.0,0.0,0.0,0.0,0.0,0.0,0.0,0.0,39.604,0.28,0.0,0.0,0.0,0.0,0.0,0.0,0.0,0.0,0.0,0.0,0.0,0.0,0.0,0.0,0.0,0.0,0.0,0.0,0.0,0.0,0.0,0.0,0.0,39.079,0.0,0.0,0.0,0.0,0.0,0.0,0.0,0.0,0.0,0.0,0.0,3.46,0.0,25.198,0.0,0.0,0.0,0.0,0.0,0.0,0.0,0.256,0.0,0.0,0.0,0.0,0.0,0.0,0.0,0.0,0.0,0.0,0.0,0.0,0.0,0.0,0.0,0.0,0.0,0.0,0.0,0.0,0.0,0.0,0.0,0.0,0.0,0.0,0.0,0.0,0.0,0.0,0.0,0.0,0.0,0.0,0.0,0.0,0.0,0.0,0.0,0.0,0.0,0.0,0.0,0.0,0.0,0.0,0.0,0.0,0.0
fwrite_2097152,3.615,0.0,5.325,0.0,0.357,10.365000000000002,0.98,135.131,3.8129999999999997,6.727,5.050999999999998,28.874,2.206,649.577,61.45899999999999,3.4989999999999997,99.21700000000001,0.377,4.287000000000001,0.246,0.264,33.91799999999999,107.93299999999998,0.0,30.828,34.558,0.326,29.553,68.03200000000004,453.804,41.196,0.485,24.604,18.064999999999998,0.31,14.345000000000004,8.020999999999999,2.637,187.41300000000004,4.149,124.72200000000002,8.368000000000002,34.50899999999999,139.27900000000005,72.80900000000003,0.726,4.952,12.53,1.964,2.774,0.5700000000000001,7.8500000000000005,11.139,9.39,26.41899999999999,15.339,130.47999999999996,13.274,7.8420000000000005,4.1850000000000005,0.963,4.951,53.743999999999986,4.639999999999999,48.012,122.31000000000002,0.0,0.256,33.201,10.036,4.267999999999999,3.4519999999999995,3.394,104.73899999999999,0.227,1.98,362.3,1.406,10.82,16.912999999999997,143.667,3.816999999999999,4.3740000000000006,3.5979999999999994,4.831,0.918,49.39800000000001,4.5280000000000005,31.397,0.28,15.509000000000002,2.784,60.50200000000003,2.694,8.287999999999997,75.38600000000001,1.671,43.776,4.273,1.743,5.6469999999999985,238.46700000000007,130.41100000000003,3.6100000000000003,21.673000000000002,0.28,0.265,45.619999999999976,19.225,2.206,4.302999999999999,3.5420000000000003,3.5700000000000007,1.332,39.966999999999985,4.514,0.281,28.372000000000003,0.688,7.877999999999999,11.772999999999998,12.950999999999997,6.057999999999999,0.204,578.655,20.406,432.36100000000005,3.5080000000000005,3.9219999999999997,0.267,3.451,23.44,0.267,0.614,318.16600000000005,4.389,18.616,3.3719999999999994,72.81700000000001,72.11400000000002,413.21400000000006,12.923,10.596000000000004,0.0,5.383000000000001,8.360999999999997,67.08999999999999,917.482,1.766,20.024,13.003,83.536,1.31,0.842,1.855,3.211,7.715999999999999,100.446,3.857,0.8009999999999999,206.19200000000004,0.213,4.1370000000000005,9.915000000000001,0.28,3.308,23.959,3.71,10.064,32.81,200.55699999999996,98.35200000000003,5.933999999999999,138.806,4.585,21.009999999999998,1.436,76.19900000000001,30.403,5.12,3.8360000000000003,164.96699999999996,32.172000000000004,3.8979999999999997,10.568,4.295,25.433,0.492,24.07700000000001,7.643,7.393000000000002,0.431,1.905,3.49,61.10600000000001,4.568,7.222,0.0,0.0,0.0,0.0,0.638,0.0,0.0,0.0,0.0,0.0,0.33,0.0,0.0,0.0,0.0,0.0,0.0,0.624,0.0,0.0,0.0,0.0,0.0,0.0,0.0,0.0,0.0,0.731,0.0,0.0,0.0,0.0,0.0,0.0,0.0,0.0,0.0,0.0,0.0,0.0,0.0,0.0,0.0,0.14,0.0,0.0,0.0,0.0,0.0,0.0,0.0,0.0,0.0,0.0,0.0,0.0,0.0,0.165,0.0,0.0,0.0,0.0,0.0,0.0,0.0,0.0,0.0,0.0,0.0,1.183,0.0,0.0,0.0,0.0,0.0,0.0,0.0,0.0,0.0,0.629,0.0,4.503,0.0,0.0,0.0,0.0,0.168,0.0,0.0,0.135,0.0,0.0,0.0,0.0,0.0,0.0,0.0,0.0,0.0,0.0,0.0,0.0,0.0,0.0,0.0,31.294,0.0,0.0,30.333,0.0,0.0,0.0,0.0,0.0,0.0,0.0,0.0,0.0,0.0,0.0,0.0,0.0,0.0,0.0,0.0,0.0,0.0,0.0,0.0,0.0,0.0,0.0,0.0,0.0,0.0,0.0,0.0,0.0,0.968
