,update_rq_clock();,from_kuid(),irq_enter(),__atime_needs_update(),ext4_get_group_desc();,__ext4_get_inode_loc(),account_entity_dequeue();,__enqueue_entity();,rcu_irq_exit();,__getblk_gfp(),ext4_mark_iloc_dirty(),fsnotify();,default_wake_function(),__fget_light();,__wake_up(),smp_irq_work_interrupt(),current_kernel_time64();,SyS_read(),decay_load();,__ext4_journal_get_write_access(),kmem_cache_alloc(),jbd2__journal_start(),update_min_vruntime();,add_transaction_credits();,select_task_rq_fair(),account_entity_enqueue();,_raw_spin_lock_irqsave();,__mnt_is_readonly.part.13();,enqueue_task_fair(),_raw_spin_unlock_irqrestore();,__vfs_read(),select_idle_sibling(),mark_page_accessed();,__update_load_avg_se.isra.38();,update_curr();,__wake_up_common(),__brelse();,jbd2_journal_dirty_metadata();,jbd2_journal_stop(),update_cfs_group();,apparmor_file_permission(),vfs_read(),irq_exit(),map_id_up();,_cond_resched(),generic_file_read_iter(),autoremove_wake_function(),wakeup_preempt_entity.isra.69();,ext4_do_update_inode(),update_cfs_group(),__mnt_want_write(),security_file_permission(),__update_load_avg_se.isra.38(),ext4_file_read_iter(),ext4_mark_inode_dirty(),_raw_spin_lock();,rcu_all_qs();,activate_task(),reweight_entity(),ext4_reserve_inode_write(),__sb_start_write();,current_time(),ext4_journal_check_start(),place_entity();,ext4_inode_csum_set();,__mnt_drop_write();,jbd2_journal_get_write_access(),__fsnotify_parent();,pagecache_get_page(),start_this_handle(),timespec_trunc();,idle_cpu();,enqueue_entity(),__fdget_pos(),__ext4_journal_stop(),__mark_inode_dirty(),prefetch_freepointer();,__find_get_block(),__sb_end_write();,__ext4_handle_dirty_metadata(),_raw_read_lock();,ttwu_stat();,check_preempt_wakeup(),__accumulate_pelt_segments();,__wake_up_common();,ttwu_do_wakeup(),cpuacct_charge();,__ext4_journal_start_sb(),hrtick_update();,jbd2_write_access_granted.part.9();,from_kprojid(),rw_verify_area(),ttwu_do_activate(),touch_atime(),from_kgid(),new_sync_read(),find_get_entry();,kmem_cache_free();,common_file_perm(),ext4_dirty_inode(),generic_update_time(),try_to_wake_up(),ext4_inode_table();,update_curr(),aa_file_perm();,rcu_irq_enter();,check_preempt_curr(),__wake_up_common_lock(),_raw_spin_lock_irq();,smp_apic_timer_interrupt(),update_process_times(),tick_sched_timer(),__acct_update_integrals();,trigger_load_balance();,tick_do_update_jiffies64.part.10(),enqueue_hrtimer();,account_process_tick(),__hrtimer_run_queues(),__do_softirq(),lapic_next_deadline();,__calc_delta();,account_system_time(),scheduler_tick(),hrtimer_active();,tick_program_event(),hrtimer_forward();,run_timer_softirq(),rcu_segcblist_ready_cbs();,task_tick_fair(),calc_global_load_tick();,hrtimer_interrupt(),rcu_segcblist_future_gp_needed();,run_posix_cpu_timers();,do_timer(),cpu_needs_another_gp(),__next_timer_interrupt();,rcu_bh_qs();,cpu_load_update_active(),raise_softirq();,cpu_load_update(),calc_global_load();,tick_nohz_tick_stopped();,acct_account_cputime(),clockevents_program_event(),ktime_get_update_offsets_now();,profile_tick();,run_local_timers(),cpuacct_account_field();,tick_sched_do_timer(),hrtimer_run_queues();,sched_slice.isra.66(),tick_sched_handle(),update_wall_time(),ktime_get();,__remove_hrtimer();,rcu_check_callbacks(),account_system_index_time(),sched_avg_update();,__do_page_cache_readahead();,jbd2_journal_put_journal_head();,try_charge();,ntp_tick_length();,__alloc_pages_nodemask(),notifier_call_chain();,inode_io_list_move_locked();,__inc_node_page_state(),add_to_page_cache_lru(),page_cache_sync_readahead(),__inc_node_state();,get_page_from_freelist(),ext4_readpage(),update_vsyscall();,lru_cache_add(),jbd2_journal_add_journal_head();,get_task_policy.part.27();,__jbd2_journal_temp_unlink_buffer();,wake_up_bit(),timekeeping_update(),update_fast_timekeeper();,jbd2_journal_dirty_metadata(),shmem_mapping();,mem_cgroup_charge_statistics();,__jbd2_journal_file_buffer(),do_get_write_access(),get_mem_cgroup_from_mm();,__inc_numa_state();,alloc_pages_current(),__lru_cache_add();,unlock_page();,PageHuge();,mem_cgroup_commit_charge(),jbd2_journal_cancel_revoke();,ext4_mpage_readpages(),memcg_check_events();,workingset_update_node();,policy_nodemask();,unlock_buffer(),jbd2_journal_grab_journal_head();,page_cache_tree_insert(),__wake_up_bit();,ntp_get_next_leap();,raw_notifier_call_chain(),ondemand_readahead(),__page_cache_alloc(),mem_cgroup_try_charge(),page_cache_prev_hole();,policy_node();,locked_inode_to_wb_and_lock_list(),__add_to_page_cache_locked(),__fsnotify_parent(),timespec_trunc(),add_transaction_credits(),rh_timer_func(),__internal_add_timer(),trigger_dyntick_cpu.isra.34();,current_kernel_time64(),usb_hcd_poll_rh_status(),any_ports_active();,__slab_alloc(),get_nohz_timer_target();,uhci_check_ports();,uhci_get_current_frame_number.part.21();,detach_if_pending();,call_timer_fn(),___slab_alloc();,uhci_scan_schedule.part.32(),lock_timer_base(),calc_wheel_index();,uhci_hub_status_data(),mod_timer(),ext4_inode_table(),writeout_period(),set_next_entity(),kthread_data();,resched_curr();,get_pwq.isra.19();,finish_task_switch();,__queue_work(),get_work_pool();,rcu_note_context_switch();,set_next_buddy();,put_prev_entity(),wake_up_process(),wq_worker_waking_up(),insert_work(),clear_buddies();,pick_next_entity(),check_cfs_rq_runtime();,pick_next_task_fair(),delayed_work_timer_fn(),__mnt_is_readonly.part.13(),0
fread_8,2.8000000000000003,7.493,10.814000000000002,18.385,2.83,39.672000000000004,2.75,2.724,2.758,23.665000000000003,159.377,2.964,233.84899999999996,4.096,294.00699999999995,327.345,5.266000000000001,1008.399,7.749999999999999,22.058000000000003,18.770999999999997,40.062999999999995,5.283,2.7390000000000003,15.954,6.317999999999999,11.82,2.437,128.791,7.783,487.5410000000001,8.567000000000002,2.941,3.188,2.652,250.893,2.421,3.0949999999999998,34.356,2.665,22.362000000000002,540.704,13.213,7.7219999999999995,50.89699999999999,468.841,239.56,2.7120000000000006,154.488,30.993,8.055,40.08700000000001,23.888,474.429,245.697,4.931000000000001,17.167,135.043,23.956999999999997,69.065,2.8979999999999997,24.835000000000008,12.183,2.695,2.987,2.5839999999999996,7.567,2.534,8.532,13.573,4.842,5.487999999999999,75.046,9.065,39.346000000000004,361.03999999999996,2.62,8.893,2.5570000000000004,17.918,2.529,2.524,13.361999999999998,2.6250000000000004,2.691,29.093,4.088,60.254,2.4459999999999993,2.707,7.415,45.328,171.775,437.62300000000005,7.773,480.848,3.4440000000000004,3.094,9.28,354.968,366.443,228.78900000000002,2.568,27.234,3.0839999999999996,3.0909999999999997,19.812,283.97200000000004,0.0,0.0,0.0,0.0,0.0,0.0,0.0,0.0,0.0,0.0,0.0,0.0,0.0,0.0,0.0,0.0,0.0,0.0,0.0,0.0,0.0,0.0,0.0,0.0,0.0,0.0,0.0,0.0,0.0,0.0,0.0,0.0,0.0,0.0,0.0,0.0,0.0,0.0,0.0,0.0,0.0,0.0,0.0,0.0,0.0,0.0,0.0,0.0,0.0,0.0,0.0,0.0,0.0,0.0,0.0,0.0,0.0,0.0,0.0,0.0,0.0,0.0,0.0,0.0,0.0,0.0,0.0,0.0,0.0,0.0,0.0,0.0,0.0,0.0,0.0,0.0,0.0,0.0,0.0,0.0,0.0,0.0,0.0,0.0,0.0,0.0,0.0,0.0,0.0,0.0,0.0,0.0,0.0,0.0,0.0,0.0,0.0,0.0,0.0,0.0,0.0,0.0,0.0,0.0,0.0,0.0,0.0,0.0,0.0,0.0,0.0,0.0,0.0,0.0,0.0,0.0,0.0,0.0,0.0,0.0,0.0,0.0,0.0,0.0,0.0,0.0,0.0,0.0,0.0,0.0,0.0,0.0,0.0,0.0,0.0,0.0,0.0,0.0,0.0,0.0,0.0,0.0,0.0,0.0,0.0
fread_2048,3.4440000000000004,8.723,13.172,20.522,3.015,45.462,3.622,3.3000000000000003,3.6099999999999994,27.253,508.432,3.4010000000000002,282.08500000000004,4.464,350.54200000000003,391.437,5.678,1547.465,12.012999999999998,27.169,21.398999999999997,46.781,7.146000000000002,3.094,18.027,8.096,13.688,2.909,161.238,9.126000000000001,886.173,9.589,3.3500000000000005,4.2170000000000005,3.504,302.732,2.631,3.5650000000000004,37.466,3.5199999999999996,25.389,946.6179999999999,23.636999999999993,8.876,59.84600000000001,865.2489999999999,288.796,3.003,502.736,40.465999999999994,9.589,45.70100000000001,31.595,871.319,609.4190000000001,6.846,20.83700000000001,168.75000000000003,31.633999999999993,81.32000000000001,3.064,28.343,14.458,3.416,3.942,3.576,8.892,3.092,9.608,16.349,5.622999999999999,6.584000000000001,92.34199999999998,10.132000000000001,42.909000000000006,740.203,3.026,10.341,2.766,20.334,2.8399999999999994,2.8459999999999996,15.289,4.208,2.813,34.02100000000001,5.050999999999999,69.857,2.883,3.178,8.209000000000001,51.506,211.48,828.4,8.543000000000001,878.63,3.766,3.71,10.055,733.244,746.48,276.289,2.8249999999999997,34.535,3.2529999999999997,4.093,23.043,339.42400000000004,0.588,77.333,32.422,52.619,0.414,0.316,4.155,1.092,4.025,57.871,5.893,2.335,0.756,3.367,18.856,0.618,4.501,0.409,4.222,0.731,12.335,0.314,65.016,0.644,0.432,1.015,2.149,1.771,0.329,2.38,0.336,1.12,0.419,0.314,1.109,3.85,0.566,11.691,1.649,0.351,4.924,0.345,1.733,45.239,1.632,0.747,1.794,5.281,2.693,0.36,0.0,0.0,0.0,0.0,0.0,0.0,0.0,0.0,0.0,0.0,0.0,0.0,0.0,0.0,0.0,0.0,0.0,0.0,0.0,0.0,0.0,0.0,0.0,0.0,0.0,0.0,0.0,0.0,0.0,0.0,0.0,0.0,0.0,0.0,0.0,0.0,0.0,0.0,0.0,0.0,0.0,0.0,0.0,0.0,0.0,0.0,0.0,0.0,0.0,0.0,0.0,0.0,0.0,0.0,0.0,0.0,0.0,0.0,0.0,0.0,0.0,0.0,0.0,0.0,0.0,0.0,0.0,0.0,0.0,0.0,0.0,0.0,0.0,0.0,0.0,0.0,0.0,0.0,0.0,0.0,0.0,0.0,0.0,0.0,0.0,0.0,0.0,0.0,0.0,0.0,0.0,0.0,0.0,0.0,0.0
fread_131072,3.4299999999999997,25.299000000000003,12.696,25.573,10.870000000000001,123.17999999999998,3.1719999999999997,3.022,3.422,84.414,766.4889999999999,6.34,291.229,49.882999999999996,364.0400000000001,402.4099999999999,5.867,4275.841,19.197999999999997,91.367,28.347,64.077,6.501,7.465000000000001,17.188,7.346,13.661000000000001,2.596,174.69299999999998,9.027000000000001,3608.8939999999993,9.455,3.8890000000000002,2.5349999999999997,3.323,312.266,102.60700000000001,0.292,58.647000000000006,3.7119999999999997,38.984,3697.0700000000006,22.344,23.921999999999997,70.101,3575.5569999999993,297.4,3.076,758.463,35.735,9.857999999999999,67.90799999999999,38.71099999999999,3586.2590000000005,1269.3770000000002,15.704,23.640000000000004,181.587,27.933,224.078,13.017000000000001,29.295000000000005,17.431,3.054,2.944,6.94,75.36500000000001,2.852,54.72700000000001,21.537999999999997,5.239,6.237000000000001,100.70500000000001,58.67699999999999,66.415,1569.3519999999999,3.314,68.328,3.4859999999999998,511.342,2.7499999999999996,2.7939999999999996,14.879999999999999,6.507,2.858,32.67100000000001,11.416999999999998,201.08899999999997,2.691,1.069,7.806,77.78,222.95700000000002,2757.584,7.763,3599.3830000000003,32.13399999999999,7.749,25.198000000000004,1551.0649999999998,1579.053,285.49699999999996,8.34,43.266,7.72,3.642,22.17,350.391,3.4700000000000006,207.565,166.437,179.381,0.592,0.223,8.785,2.411,4.379,184.927,5.294,4.968,0.516,3.777,153.902,0.73,6.842,0.23,3.521,0.49,148.05,0.252,194.371,0.45999999999999996,0.521,0.925,1.5470000000000002,1.342,0.28,2.05,0.223,0.915,0.385,0.221,1.093,6.267,0.876,0.634,1.183,0.762,9.314,0.207,1.371,167.908,6.6,0.6319999999999999,0.916,4.37,3.225,0.293,3.3080000000000003,2.462,4.146,0.6000000000000001,48.857,0.215,0.581,12.126,134.483,32.967,5.721999999999999,27.695,491.38599999999997,0.39,10.565999999999999,4.509,4.813999999999999,3.291,8.526,3.633,0.8280000000000001,395.73699999999997,3.1229999999999998,4.856,23.464000000000002,54.746,5.095000000000001,6.659000000000001,76.995,3.9029999999999996,464.78899999999993,2.8619999999999997,18.486,2.662,483.25800000000004,2.642,2.9519999999999995,2.968,13.945,2.3689999999999998,24.523999999999997,3.6239999999999997,0.195,0.613,25.463,85.29100000000001,20.249999999999996,9.107,3.0309999999999997,2.757,113.23,0.0,0.0,0.0,0.0,0.0,0.0,0.0,0.0,0.0,0.0,0.0,0.0,0.0,0.0,0.0,0.0,0.0,0.0,0.0,0.0,0.0,0.0,0.0,0.0,0.0,0.0,0.0,0.0,0.0,0.0,0.0,0.0,0.0,0.0,0.0,0.0,0.0,0.0,0.0,0.0,0.0,0.0,0.0,0.0
fread_64,3.446,8.845,13.477,20.743000000000002,3.3630000000000004,45.894999999999996,3.5689999999999995,3.0279999999999996,3.504,27.029999999999998,387.707,3.4630000000000005,278.723,3.906,350.23500000000007,391.30499999999995,5.687999999999999,1572.642,11.501999999999997,26.491,21.015,192.44299999999998,6.863999999999999,150.08999999999997,18.62,7.775000000000001,13.273,2.795,157.376,9.601999999999997,916.106,9.802000000000001,3.478,4.1160000000000005,3.4320000000000004,299.57199999999995,2.7619999999999996,3.7159999999999993,40.317,3.3560000000000003,23.918999999999997,1047.926,23.139,9.143,59.48800000000002,894.2949999999998,285.36100000000005,3.152,381.81399999999996,38.822,9.397,116.88300000000001,30.233,900.599,489.15399999999994,6.843999999999999,20.605999999999987,164.68999999999997,30.063999999999997,80.946,3.0180000000000007,28.027000000000008,14.047999999999998,3.1859999999999995,3.532,3.9050000000000002,9.042,2.7830000000000004,9.474,162.38,5.602,6.854,90.23599999999999,9.549999999999999,46.07599999999999,769.252,2.922,10.271999999999998,3.0709999999999997,21.288,2.7710000000000004,2.8970000000000002,15.280000000000003,3.9370000000000003,3.0220000000000002,34.08,5.325,215.035,2.8680000000000003,3.1710000000000003,8.364,122.631,207.458,858.2650000000001,8.565999999999999,908.4419999999999,3.679,3.9419999999999997,9.737,761.9549999999999,775.756,272.90999999999997,2.9589999999999996,35.381,3.2460000000000004,4.1000000000000005,22.886999999999997,338.38100000000003,0.61,64.527,33.27,41.862,0.404,0.338,4.075,1.031,3.912,45.945,5.499,2.146,0.7110000000000001,3.286,19.814,0.612,4.17,0.353,3.918,0.9039999999999999,12.329,0.344,52.782,0.618,0.446,1.012,2.12,1.53,0.342,3.152,0.341,1.905,0.412,0.298,1.129,3.544,0.534,0.36,1.625,0.326,4.831,0.289,1.69,34.696,1.6,0.721,0.729,5.327,2.646,1.109,0.0,0.0,0.0,0.0,0.0,0.0,0.0,0.0,0.0,0.0,0.0,0.0,0.0,0.0,0.0,0.0,0.0,0.0,0.0,0.0,0.0,0.0,0.0,0.0,0.0,0.0,0.0,0.0,0.0,0.0,0.0,0.0,0.0,0.0,0.0,0.0,0.0,0.0,0.0,0.0,0.0,0.0,0.0,0.0,0.0,0.0,0.0,0.0,0.0,0.0,0.0,72.598,0.0,0.0,0.0,0.0,0.0,0.0,0.0,0.0,0.0,0.0,0.0,0.0,0.0,0.0,0.0,0.0,0.0,0.0,0.0,0.0,0.0,0.0,0.0,0.0,0.0,0.0,0.0,0.0,0.0,0.0,0.0,0.0,0.0,0.0,0.0,0.0,0.0,0.0,0.0,0.0,0.0,0.0,0.0
fread_2097152,3.927,11.331000000000001,15.044999999999998,26.311999999999998,10.722000000000001,211.07999999999998,3.8020000000000005,3.463,3.896000000000001,95.90100000000001,711.005,6.795,297.948,19.79,372.83500000000004,416.01,6.033000000000001,4176.257,11.768,192.99700000000004,200.60899999999998,65.805,8.112000000000002,7.071,19.025,8.144,14.515999999999998,2.853,172.23399999999998,10.108000000000002,3514.8360000000002,10.253999999999998,3.7479999999999998,5.4350000000000005,3.9970000000000003,318.32500000000005,6.776,0.0,78.44699999999999,3.8299999999999996,42.67699999999999,3608.4889999999996,29.238999999999997,10.654,360.79600000000005,3480.2440000000006,304.57200000000006,3.373,703.096,41.913000000000004,11.023,72.503,31.664,3490.392,1148.215,17.036999999999992,25.833,179.81499999999997,32.535000000000004,415.416,13.15,1197.2150000000001,18.676,3.393,3.4520000000000004,5.9510000000000005,174.72599999999997,2.8910000000000005,61.676000000000016,21.342999999999996,837.709,7.328,104.762,27.933000000000003,85.346,1456.1999999999998,162.788,77.861,3.522,632.4460000000001,2.841,3.2420000000000004,16.517000000000003,4.024,3.0970000000000004,35.18600000000001,12.716000000000001,96.793,2.874,85.17599999999999,8.488,82.37799999999999,224.12099999999998,2741.515,8.516,3504.8360000000002,35.370000000000005,37.580999999999996,24.726000000000003,1345.8020000000001,1466.124,291.82800000000003,7.853000000000001,50.305,7.222,4.493,24.485,359.43699999999995,3.991000000000001,226.034,164.184,180.938,1.104,0.536,7.755,2.375,8.704,188.902,9.083,5.555,1.706,7.487,136.494,1.2610000000000001,9.631,0.64,5.877,1.4860000000000002,25.734,0.591,203.802,1.2489999999999999,1.055,1.97,4.351,1.823,0.616,103.03,0.601,2.834,0.753,0.5409999999999999,2.406,8.422,1.103,0.993,2.885,1.044,8.945,0.534,4.199,167.23600000000002,2.963,1.762,1.2719999999999998,10.527000000000001,6.321,0.73,3.282,2.9770000000000003,4.329,0.0,50.609,0.0,0.0,13.3,320.156,24.198,6.343,28.663,28.880000000000003,0.0,11.307,5.009000000000001,24.288,3.943,10.049,0.0,0.0,28.949,3.112,5.074,24.700999999999997,64.938,5.406,7.591000000000001,99.38700000000001,4.553,3.0000000000000004,3.048,20.557000000000002,3.213,19.887999999999998,2.882,3.2529999999999997,3.183,16.269,2.901,201.714,4.179,0.0,0.0,17.201999999999998,108.23700000000001,22.019,0.0,3.0070000000000006,0.0,297.943,0.0,330.361,0.0,0.0,0.0,0.0,0.0,0.0,0.0,0.0,0.0,0.0,0.0,0.0,0.0,0.0,0.0,0.0,0.0,0.0,0.0,0.0,0.0,0.0,0.0,0.0,0.0,0.0,0.0,0.0,0.0,0.0,0.0,0.0,0.0,0.0,0.0,0.0,0.0,0.0,0.0,0.0,0.0,0.0
fread_256,3.6280000000000006,8.793,14.373,21.305,3.154,46.762,3.659,3.2020000000000004,3.6660000000000004,27.776,507.255,3.428,289.494,4.483,363.76300000000003,406.16700000000003,5.8870000000000005,1611.1429999999998,11.866000000000001,65.611,21.510999999999996,116.70400000000001,6.999,2.7800000000000002,19.865000000000002,7.989000000000001,14.869,2.945,161.449,9.905000000000001,1010.2100000000003,10.912999999999998,3.469,4.175,3.562,311.58299999999997,2.88,4.47,41.98100000000001,3.5140000000000002,24.189999999999998,1070.709,21.79,9.186999999999998,61.249,987.4189999999999,296.52500000000003,3.2460000000000004,501.00600000000003,39.833,9.735,44.784,31.496999999999996,994.0849999999999,649.16,7.027999999999998,21.096,168.944,31.186000000000003,121.43299999999999,3.131,28.916,14.262,3.28,4.079000000000001,4.318,8.925999999999998,3.0820000000000003,9.862000000000002,86.11800000000001,5.7010000000000005,7.409000000000001,93.078,10.456999999999999,48.137,856.6890000000001,2.954,10.287,3.2910000000000004,23.365,2.864,3.008,15.877,4.144000000000001,3.0090000000000003,35.634,5.266,139.92200000000003,3.0469999999999997,3.045,9.003,50.87799999999999,213.55100000000004,949.2660000000001,9.136000000000001,1002.0890000000002,3.884000000000001,4.308,10.269000000000002,849.159,863.4499999999999,283.127,3.0799999999999996,35.781000000000006,3.3249999999999997,4.348,23.965,351.743,0.612,63.035,33.432,42.007,0.406,0.314,4.121,1.114,4.075,46.269,3.478,2.209,0.722,3.455,19.159,0.618,4.272,0.354,1.901,0.6930000000000001,12.44,0.317,53.158,0.624,0.437,0.978,2.164,0.0,0.336,2.368,0.347,1.112,0.349,0.298,1.163,3.647,0.517,0.343,1.652,0.394,4.847,0.298,1.761,34.826,1.646,0.763,0.683,5.948,2.79,0.343,0.0,0.0,0.0,0.0,0.0,0.0,0.0,0.0,0.0,0.0,0.0,0.0,0.0,0.0,0.0,0.0,0.0,0.0,0.0,0.0,0.0,0.0,0.0,0.0,0.0,0.0,0.0,0.0,0.0,0.0,0.0,0.0,0.0,0.0,0.0,0.0,0.0,0.0,0.0,0.0,0.0,0.0,0.0,0.0,0.0,0.0,0.0,0.0,0.0,0.0,0.0,0.0,0.0,71.02,0.0,0.0,0.0,0.0,0.0,0.0,0.0,0.0,0.0,0.0,0.0,0.0,0.0,0.0,0.0,0.0,0.0,0.0,0.0,0.0,0.0,0.0,0.0,0.0,0.0,0.0,0.0,0.0,0.0,0.0,0.0,0.0,0.0,0.0,0.0,0.0,0.0,0.0,0.0,0.0,0.0
fread_1024,3.2680000000000002,8.923,12.608,20.791999999999998,3.005,44.717999999999996,3.169,3.1119999999999997,3.3729999999999998,26.514,253.443,3.4819999999999998,288.57599999999996,3.9130000000000003,360.704,402.39099999999996,5.771000000000001,1224.0500000000002,14.198000000000002,27.547000000000004,21.063000000000002,44.910000000000004,6.030999999999999,3.109,18.33,7.459999999999999,13.669000000000002,2.7799999999999994,165.87000000000003,9.143,631.178,9.873000000000001,3.3439999999999994,2.8989999999999996,3.125,310.74899999999997,2.7729999999999997,3.6729999999999996,39.626,2.98,25.515,692.2769999999999,15.393,9.132,60.13400000000002,609.691,295.222,3.155,247.62099999999998,35.827,9.583000000000002,46.022,33.123,615.8779999999999,353.968,5.631000000000001,21.568999999999996,173.085,27.807,81.015,3.0970000000000004,27.989000000000008,14.031,3.31,3.435,3.1900000000000004,8.835999999999999,3.0770000000000004,9.529,15.091,5.550999999999999,6.470000000000001,93.388,9.579,45.522,484.98099999999994,2.9980000000000007,9.74,2.8919999999999995,20.999,2.7950000000000004,2.9779999999999998,15.403,4.8839999999999995,3.043,34.984,4.941,67.452,2.8770000000000002,2.968,8.366999999999999,51.955999999999996,216.667,573.771,8.411999999999999,623.366,3.7299999999999995,3.675,9.995999999999999,478.177,491.243,282.774,2.8720000000000003,32.22,3.0960000000000005,3.8880000000000003,23.431,349.094,0.0,0.0,0.0,0.0,0.0,0.0,0.0,0.0,0.0,0.0,0.0,0.0,0.0,0.0,0.0,0.0,0.0,0.0,0.0,0.0,0.0,0.0,0.0,0.0,0.0,0.0,0.0,0.0,0.0,0.0,0.0,0.0,0.0,0.0,0.0,0.0,0.0,0.0,0.0,0.0,0.0,0.0,0.0,0.0,0.0,0.0,0.0,0.0,0.0,0.0,0.0,0.0,0.0,0.0,0.0,0.0,0.0,0.0,0.0,0.0,0.0,0.0,0.0,0.0,0.0,0.0,0.0,0.0,0.0,0.0,0.0,0.0,0.0,0.0,0.0,0.0,0.0,0.0,0.0,0.0,0.0,0.0,0.0,0.0,0.0,0.0,0.0,0.0,0.0,0.0,0.0,0.0,0.0,0.0,0.0,0.0,0.0,0.0,0.0,0.0,0.0,0.0,0.0,0.0,0.0,0.0,0.0,0.0,0.0,0.0,0.0,0.0,0.0,0.0,0.0,0.0,0.0,0.0,0.0,0.0,0.0,0.0,0.0,0.0,0.0,0.0,0.0,0.0,0.0,0.0,0.0,0.0,0.0,0.0,0.0,0.0,0.0,0.0,0.0,0.0,0.0,0.0,0.0,0.0,0.0
fread_8192,3.5460000000000003,10.975000000000001,13.070000000000002,26.216,10.570999999999998,117.28099999999999,3.533,3.0930000000000004,3.5839999999999996,77.793,743.7,6.258,306.546,20.158,453.4659999999999,419.43,6.119,4131.341,15.419,85.90799999999999,30.971,65.64,7.173,7.052,17.877999999999997,7.5009999999999994,13.513000000000002,2.764,165.26999999999998,9.397,3245.287,9.544,4.852000000000001,3.6409999999999996,3.531,326.615,218.51899999999998,0.676,121.398,3.6970000000000005,38.160000000000004,3332.1050000000005,23.366,10.344999999999999,73.998,3212.007,312.888,3.221,736.111,39.016999999999996,10.929000000000002,65.779,36.284,3221.3630000000003,1074.469,15.353999999999997,25.151999999999994,194.26700000000002,30.496000000000002,213.301,13.224,32.045,17.541,3.1620000000000004,3.2269999999999994,6.047000000000001,69.58999999999999,2.945,50.068,21.211,5.795999999999999,6.647,98.81299999999999,27.796999999999997,128.639,1687.404,4.5169999999999995,60.669,3.66,453.061,2.8000000000000003,2.9379999999999997,15.535999999999998,150.697,3.0589999999999997,33.699,11.864,204.415,2.9200000000000004,1.99,8.042,75.73700000000001,236.524,2607.417,8.128,3234.827,27.67,7.449,24.070999999999998,1422.978,1697.95,300.753,7.767,44.906000000000006,6.255,4.026,23.231,365.6390000000001,3.5389999999999997,226.154,191.739,200.734,0.44,0.314,4.143,1.158,3.97,205.972,5.811,3.253,1.05,3.364,177.986,0.8160000000000001,5.567,0.366,4.232,0.739,170.884,0.343,214.159,0.6539999999999999,0.662,0.988,2.2039999999999997,1.7600000000000002,0.348,2.557,0.329,1.16,0.391,0.336,1.175,4.872,0.429,0.64,1.597,0.323,4.87,0.299,2.715,193.498,1.612,0.813,1.541,5.393,2.715,0.432,3.2629999999999995,2.162,4.128,0.0,51.257,0.0,1.649,13.210999999999999,143.287,124.42500000000001,6.278999999999999,29.174,171.837,0.0,11.329,3.617,4.943,3.1940000000000004,7.7749999999999995,0.0,0.0,387.943,2.98,5.337,20.52,48.191,5.484,7.819999999999999,79.964,4.554,147.034,3.0439999999999996,20.473,2.406,163.334,2.842,3.223,3.004,12.515,2.137,25.893999999999995,3.328,0.0,0.0,21.342999999999996,88.962,21.737000000000002,4.426000000000001,3.1060000000000003,4.439,120.822,0.0,0.0,0.0,0.0,0.0,0.0,0.0,0.0,0.0,0.0,0.0,0.0,0.0,0.0,0.0,0.0,0.0,0.0,0.0,0.0,0.0,0.0,0.0,0.0,0.0,0.0,0.0,0.0,0.0,0.0,0.0,0.0,0.0,0.0,0.0,0.0,0.0,0.0,0.0,0.0,0.0,0.0,0.0,0.0
fread_1048576,4.255,11.575,15.705,26.702,11.059999999999999,178.24200000000002,4.249,3.1450000000000005,4.368,136.705,1416.8180000000002,6.2620000000000005,293.49100000000004,18.581,367.666,410.31600000000003,442.98900000000003,4756.501,11.830000000000002,358.557,51.292,67.648,8.642999999999999,7.7700000000000005,18.653,8.538,14.967999999999998,2.863,170.948,10.878,4103.342000000001,9.75,3.8620000000000005,5.887000000000001,4.306000000000001,314.294,6.9830000000000005,0.0,46.309000000000005,4.031000000000001,43.928999999999995,4196.685,280.99199999999996,10.589999999999998,486.873,4069.3840000000005,299.904,3.364,1408.6610000000003,45.952999999999996,10.924,72.542,31.393,4079.166,1986.6039999999998,18.888999999999996,177.7039999999999,178.235,35.352,547.643,13.157000000000002,1054.0669999999998,18.112000000000002,3.24,97.37400000000001,6.098000000000001,189.924,2.9459999999999997,62.843,22.692,6.4879999999999995,7.38,103.02400000000002,26.607999999999997,53.249,2165.4939999999997,6.9140000000000015,82.77599999999998,3.381,1242.2570000000003,2.923,3.0700000000000003,16.184,4.056,3.087,34.96,13.271,98.92999999999999,3.12,2.7159999999999997,8.501,81.73100000000001,221.973,3450.296,8.546999999999999,4092.996,35.055,7.316999999999999,27.53,2154.2339999999995,2174.624,287.558,8.419,53.617999999999995,7.777000000000001,4.858,24.115,354.341,4.821000000000001,755.222,371.529,440.043,1.554,0.8939999999999999,20.493000000000002,4.432,13.004000000000001,453.635,258.745,8.434999999999999,2.148,11.238,330.14,1.9940000000000002,14.524999999999999,34.16,253.84900000000002,1.804,134.188,1.457,475.933,1.8199999999999998,1.6800000000000002,3.306,6.304,2.91,0.895,181.76899999999998,0.9400000000000002,3.471,1.347,0.8819999999999999,3.744,12.807000000000002,1.751,1.8770000000000002,4.587,1.465,22.415,0.841,4.965,376.978,12.475,2.498,2.149,15.152000000000001,9.44,1.116,3.41,3.331,4.212,0.9079999999999999,51.38099999999999,0.305,0.0,14.018999999999998,317.796,107.905,6.8020000000000005,28.959,27.781999999999996,0.626,155.358,4.511000000000001,5.186,3.966,10.626999999999999,5.013,0.9279999999999999,27.414,3.1060000000000003,5.186999999999999,24.622999999999998,161.466,5.264,7.587999999999998,80.946,148.104,2.9709999999999996,3.1680000000000006,20.724,3.325,19.302,2.921,3.1830000000000003,3.0290000000000004,16.953999999999997,2.9219999999999997,53.27599999999999,4.704999999999999,0.304,0.978,100.487,90.015,22.105,79.254,3.045,0.0,150.77700000000002,0.0,0.0,0.0,242.667,0.876,0.275,580.425,242.101,37.393,7.851,0.267,75.927,42.477,0.255,243.456,4.822,45.74,0.795,0.264,235.358,5.157,0.0,0.0,0.0,0.0,0.0,0.0,0.0,0.0,0.0,0.0,0.0,0.0,0.0,0.0,0.0,0.0,0.0,0.0,0.0,0.0,0.0,0.0,0.0
fread_524288,4.022,11.485,14.61,26.552,10.436000000000002,316.275,4.1770000000000005,3.52,4.0360000000000005,101.205,867.8839999999999,6.383,297.404,21.538999999999998,371.71000000000004,412.691,914.63,4522.858,13.543000000000001,145.204,54.784000000000006,68.627,8.528,7.304,18.793,8.711000000000002,14.500000000000002,2.9219999999999997,169.63100000000003,10.360000000000003,3862.2219999999998,10.018,3.773,5.207999999999999,4.126,316.59,7.611999999999999,0.0,50.346000000000004,4.223999999999999,45.604,3959.902,31.287000000000003,10.921,467.65299999999985,3823.866,303.938,3.4640000000000004,860.2589999999999,45.123999999999995,10.991,77.206,35.936,3834.1429999999996,1363.508,17.770999999999994,29.007000000000005,177.50800000000004,35.162,473.2180000000001,12.77,1289.344,114.71600000000001,3.3859999999999997,3.4429999999999996,6.91,126.66300000000001,3.3829999999999996,64.686,22.177,12.080999999999998,7.2940000000000005,103.17399999999999,29.977999999999998,57.586999999999996,1643.995,7.52,82.749,3.637,786.984,2.902,3.269,17.008,4.62,3.23,36.402,12.292999999999997,195.857,3.27,2.4880000000000004,8.651,86.175,223.23600000000002,3358.553,8.833,3848.0550000000007,36.25600000000001,9.545,26.65,1632.909,1653.2549999999999,291.387,7.141,51.215,7.877,4.430999999999999,25.152,357.88,4.717999999999999,251.555,176.096,202.514,1.029,0.604,16.950000000000003,2.4299999999999997,8.835999999999999,211.139,10.651,5.9719999999999995,1.52,7.571,147.43800000000002,1.436,10.296,0.746,7.383,1.448,133.549,0.6910000000000001,226.785,1.248,1.225,2.214,4.26,2.7,0.683,5.161,0.776,2.474,0.864,0.638,2.404,8.963999999999999,1.109,1.025,3.326,1.0270000000000001,18.293,0.621,3.592,179.325,11.453,1.704,1.397,10.673,6.304,0.751,3.4659999999999997,2.9259999999999997,4.369,0.9609999999999999,61.25,0.355,0.0,15.080000000000002,180.41,71.456,6.348,35.439,28.032,0.747,12.07,4.638999999999999,5.2829999999999995,4.045,10.377999999999998,5.091,0.81,106.771,3.271,5.212,25.296999999999997,100.068,5.522,12.479999999999999,92.81099999999999,4.742999999999999,2.991,3.3910000000000005,20.601,3.246,19.587000000000003,2.8779999999999997,3.184,3.3,16.860000000000003,3.031,55.031,4.302,0.298,1.029,64.00200000000001,102.035,24.264000000000003,42.626,3.242,0.0,157.00900000000001,0.0,0.0,0.0,0.0,0.0,0.0,335.405,0.0,0.0,8.57,0.0,0.0,0.0,0.0,0.0,6.601,0.0,0.0,0.0,0.0,0.0,77.256,0.0,0.0,0.0,0.0,0.0,0.0,0.0,0.0,0.0,0.0,0.0,0.0,0.0,0.0,0.0,0.0,0.0,0.0,0.0,0.0,0.0,0.0
fread_4096,3.7720000000000002,11.770999999999999,13.953,27.506000000000004,11.136,119.22800000000001,3.7140000000000004,3.3430000000000004,3.9310000000000005,77.55,697.311,6.842,293.216,18.678,366.60400000000004,410.091,655.6129999999999,4014.047,13.342,122.371,51.58400000000002,68.978,7.3790000000000004,7.241,18.810000000000002,7.864,14.919999999999998,2.93,167.47500000000002,10.471,3218.965,9.985,5.345,4.335,3.7850000000000006,312.28900000000004,5.735000000000001,1.1300000000000001,45.806,3.4869999999999997,43.034,3456.455,132.296,10.845000000000002,522.11,3184.8100000000004,299.658,3.4589999999999996,689.553,40.638999999999996,10.836000000000002,216.347,178.943,3194.8379999999997,972.114,16.182000000000002,26.346000000000004,174.938,31.787999999999997,252.71300000000002,13.237,687.7899999999998,18.387,3.3689999999999993,4.516,5.489,104.482,4.293,384.33199999999994,22.109,6.9159999999999995,7.016,102.91999999999999,27.013999999999996,52.562,1346.0209999999997,7.948,58.676,3.5949999999999998,614.1009999999999,3.016,3.1229999999999998,16.486,4.407,3.1399999999999997,35.712,13.423,100.047,3.1069999999999998,37.213,8.661999999999999,225.87299999999993,219.549,2297.732,8.761,3208.487,23.467,6.578000000000001,25.69,1139.549,1355.1360000000002,287.213,8.735000000000001,49.283,7.154,4.225,24.818,353.04599999999994,3.9730000000000003,331.122,189.354,198.51,0.44,0.311,4.157,1.268,4.339,202.729,113.595,3.115,0.763,3.683,175.68,0.764,5.482,0.377,111.814,0.642,168.646,0.348,210.922,0.612,0.569,1.023,2.102,2.2159999999999997,0.354,2.77,0.335,1.295,0.426,0.349,1.311,4.809,0.591,0.68,1.603,0.34,4.924,0.289,1.776,191.215,1.606,0.8340000000000001,0.463,4.94,3.009,0.427,3.438,2.217,4.448,0.0,52.673,0.0,1.465,14.156,178.502,29.826000000000004,6.465999999999999,29.152000000000005,33.392999999999994,0.0,11.883999999999997,3.6109999999999998,5.479,131.09400000000002,7.677,0.0,0.0,148.677,3.0780000000000003,5.371,146.33,47.289,6.339,7.656000000000001,82.824,4.886,3.13,3.238,20.649,2.372,24.797,2.9429999999999996,3.144,3.081,12.27,2.237,54.673,3.373,0.0,0.0,22.345,92.029,23.839,4.488,3.126,5.5089999999999995,155.015,0.0,0.0,0.0,0.0,1.1,0.32,0.0,0.0,0.0,4.289,0.36,0.0,0.0,0.806,105.014,2.7350000000000003,0.0,0.96,0.326,0.0,100.74,0.0,104.162,0.0,0.0,0.0,0.0,0.0,0.0,0.0,0.0,0.0,0.0,0.0,0.0,0.0,0.0,0.0,0.0,0.0,0.0,0.0,0.0,0.0
fread_32768,4.336,12.354999999999999,13.698,26.759,11.284,145.035,3.7600000000000007,4.226999999999999,3.6839999999999993,104.312,1123.7350000000001,6.652000000000001,299.28000000000003,19.689999999999998,451.2960000000001,417.37800000000004,6.059999999999999,4702.466,13.038,113.183,32.512,150.048,8.171,7.277000000000001,20.503999999999998,8.358,14.588000000000003,2.9699999999999998,183.88400000000001,10.599000000000004,4033.329,10.825000000000001,4.135,5.443000000000001,4.591,319.479,7.292000000000002,0.0,126.38,3.878,42.897,4129.847,102.165,11.413,129.67000000000002,3996.7449999999994,305.822,3.995,1115.29,40.937,11.18,74.52599999999998,34.727000000000004,4006.969,1428.5989999999997,19.161,29.136,192.19700000000003,31.912999999999997,269.445,13.881,32.802,64.625,3.6529999999999996,4.785,6.191000000000001,94.06200000000001,3.1049999999999995,67.317,23.785999999999998,6.090000000000001,7.239000000000001,113.102,27.144999999999996,134.14700000000002,1820.6350000000002,4.171,84.793,3.649,935.9099999999997,3.2609999999999997,3.403,19.514,4.465,3.8489999999999998,40.576,13.129,228.71500000000003,3.3659999999999997,0.0,9.294999999999998,85.04700000000001,244.887,3609.676,9.213000000000001,4022.5220000000004,37.824999999999996,8.142999999999999,25.599999999999998,1807.7009999999998,1833.9850000000001,320.659,7.109,51.428,7.836,4.233999999999999,28.144,437.4749999999999,3.674,243.548,130.232,139.601,0.595,0.32,4.341,1.339,4.487,144.082,84.013,3.09,0.7210000000000001,3.856,115.9,0.665,5.364,0.348,46.682,0.685,13.144,0.595,152.206,0.633,0.578,1.141,2.215,1.6159999999999999,0.463,97.467,0.334,1.092,0.418,0.297,1.251,4.712,0.591,0.701,1.586,0.486,5.002,0.293,1.718,132.192,1.629,0.909,0.647,5.264,3.226,0.332,3.72,3.187,4.386,0.0,52.916999999999994,0.0,0.0,13.827000000000002,151.01600000000002,33.352999999999994,6.792999999999999,29.116,29.41,0.0,12.288999999999998,5.848,5.293,4.631,11.177999999999999,0.0,0.0,915.6679999999999,3.086,5.276999999999999,31.682000000000002,69.569,5.375,7.368,84.02799999999999,5.215999999999999,3.9580000000000006,3.236,20.88,3.402,20.862000000000002,2.9549999999999996,3.277,3.338999999999999,18.161,3.1229999999999998,28.708000000000006,4.782,0.0,0.0,25.465,93.714,21.795,6.279,3.261,0.0,127.209,0.0,0.0,0.0,0.0,0.0,0.0,0.0,0.0,0.0,0.0,0.0,0.0,0.0,0.0,40.039,0.0,0.0,0.0,0.0,0.0,0.0,0.0,0.0,0.924,0.791,0.308,0.606,0.324,37.306999999999995,1.729,0.29,0.375,6.308,28.613999999999997,1.517,31.508,0.28,1.414,0.755,11.32,38.609,0.0,0.0,0.0
fread_16,3.087,7.9270000000000005,10.879000000000001,19.080000000000002,3.775,43.234,3.017,2.846,2.867,24.939999999999998,267.905,3.864,280.062,6.844,342.89099999999996,377.519,5.571999999999999,1211.99,9.732999999999999,24.765000000000004,19.086,40.821,5.67,3.267,17.649,6.869,12.521999999999997,2.308,142.623,7.8930000000000025,649.175,8.747,3.32,2.9959999999999996,2.637,298.509,2.624,4.672000000000001,36.871,2.712,25.588,709.3030000000001,13.697999999999999,8.165000000000001,52.599,627.6790000000001,286.028,2.874,262.59000000000003,31.96,7.931999999999999,46.154,26.114,633.536,394.793,4.939000000000001,17.819,149.58199999999997,24.500000000000004,88.188,3.2100000000000004,24.785000000000004,11.848000000000003,2.796,3.042,3.4330000000000003,8.715,2.596,9.222999999999999,13.796999999999999,4.734,5.554999999999999,82.876,12.415,42.032000000000004,513.3069999999999,2.5620000000000003,9.774999999999999,2.6570000000000005,50.150999999999996,2.3930000000000002,2.416,13.503,3.286,2.694000000000001,32.695,4.857,60.038,2.516,3.18,7.453,51.964,190.422,593.454,7.601999999999999,641.49,4.069,4.025,10.892000000000001,506.92300000000006,519.063,274.964,2.7710000000000004,30.572999999999997,3.5060000000000002,3.216,20.64,332.286,0.0,0.0,0.0,0.0,0.0,0.0,0.0,0.0,0.0,0.0,0.0,0.0,0.0,0.0,0.0,0.0,0.0,0.0,0.0,0.0,0.0,0.0,0.0,0.0,0.0,0.0,0.0,0.0,0.0,0.0,0.0,0.0,0.0,0.0,0.0,0.0,0.0,0.0,0.0,0.0,0.0,0.0,0.0,0.0,0.0,0.0,0.0,0.0,0.0,0.0,0.0,0.0,0.0,0.0,0.0,0.0,0.0,0.0,0.0,0.0,0.0,0.0,0.0,0.0,0.0,0.0,0.0,0.0,0.0,0.0,0.0,0.0,0.0,0.0,0.0,0.0,0.0,0.0,0.0,0.0,0.0,0.0,0.0,0.0,0.0,0.0,0.0,0.0,0.0,0.0,0.0,0.0,0.0,0.0,0.0,0.0,0.0,0.0,0.0,0.0,0.0,0.0,0.0,0.0,0.0,0.0,0.0,0.0,0.0,0.0,0.0,0.0,0.0,0.0,0.0,0.0,0.0,0.0,0.0,0.0,0.0,0.0,0.0,0.0,0.0,0.0,0.0,0.0,0.0,0.0,0.0,0.0,0.0,0.0,0.0,0.0,0.0,0.0,0.0,0.0,0.0,0.0,0.0,0.0,0.0
fread_262144,4.455,11.746,16.018,26.933,10.900999999999998,123.778,4.303000000000001,3.632,4.551,83.148,985.0530000000001,6.656,381.146,19.947,460.189,508.83700000000005,6.977,5236.147,19.572,96.03999999999999,65.41199999999999,66.47,8.59,6.741,20.038,8.961,15.685,916.149,230.87900000000002,11.122,4096.581999999999,10.749,4.688999999999999,4.285,4.515000000000001,403.5519999999999,5.596,0.635,139.565,29.472000000000005,44.290000000000006,4320.073,32.477000000000004,11.956000000000003,180.108,4061.3489999999997,388.63599999999997,3.8099999999999996,977.2159999999998,52.59,1260.761,76.37100000000001,202.239,4071.7110000000002,1237.459,17.984,26.476000000000006,239.04399999999998,37.263999999999996,230.49800000000002,13.448999999999998,159.805,111.622,4.019,3.771,5.8999999999999995,78.26700000000001,3.325,53.27700000000001,21.779999999999998,130.285,7.9670000000000005,144.54000000000002,27.633999999999997,225.783,1690.814,10.389000000000003,64.594,3.589,299.463,2.8689999999999998,3.5260000000000002,20.525,6.446000000000001,3.052,41.754,12.885000000000002,190.30300000000003,3.6450000000000005,3.9709999999999996,611.346,87.255,291.35,3618.5870000000004,8.733,4085.2620000000006,28.486000000000004,7.067,26.728,1669.233,1700.4340000000002,374.37699999999995,7.999000000000001,52.535,8.133000000000001,4.789,29.344,446.35600000000005,4.298,424.33299999999997,336.82399999999996,370.373,1.0750000000000002,0.606,22.792,3.008,8.651,380.83000000000004,9.595,6.984,1.5459999999999998,7.3919999999999995,308.706,1.537,11.533999999999999,0.7090000000000001,6.167999999999999,1.431,294.695,0.652,399.019,1.263,1.282,2.233,4.367,1.7120000000000002,0.6950000000000001,5.307,0.681,2.503,0.898,0.681,2.487,10.2,1.353,1.378,3.235,0.882,24.456,0.589,3.8470000000000004,340.461,16.838,1.8949999999999998,1.69,10.419,6.102,0.8400000000000001,3.7780000000000005,2.405,4.09,1.837,53.676,0.594,1.118,13.496,192.90599999999998,49.96,6.266,30.241999999999994,28.180000000000003,0.843,11.8,3.439,5.257000000000001,3.1669999999999994,8.436,8.473,1.3519999999999999,178.535,3.098,5.340000000000001,20.761,53.823,5.779000000000001,7.679,83.85900000000001,4.443,3.3909999999999996,3.172,20.682999999999996,2.747,19.668000000000003,2.917,3.1959999999999997,3.2420000000000004,13.916,2.621,72.44800000000001,3.4499999999999997,0.595,1.7690000000000001,41.989000000000004,92.742,22.280999999999995,19.255,3.2460000000000004,3.194,169.665,0.0,0.0,0.0,0.0,0.0,0.0,0.0,0.0,0.0,11.08,0.0,0.0,0.0,0.0,0.0,6.876,0.0,0.0,0.0,0.0,0.0,0.0,0.0,0.0,0.0,0.0,0.0,0.0,0.0,0.0,0.0,0.0,0.0,0.0,0.0,0.0,0.0,0.0,0.0,0.0,0.0,333.693,0.0,0.0
fread_512,3.5420000000000003,8.959,13.72,21.314,3.254,47.37500000000001,3.616,3.1449999999999996,3.6399999999999997,27.975,391.843,3.508,290.17699999999996,4.373,364.09900000000005,405.09999999999997,5.939,1595.597,11.108000000000002,27.278,21.866,192.559,6.903999999999999,3.022,19.551000000000002,8.235,13.995000000000003,2.8559999999999994,159.099,9.813,931.1130000000002,10.321,3.6,4.379,3.6080000000000005,312.21900000000005,2.9080000000000004,3.878,41.61899999999999,3.4219999999999997,25.639000000000003,992.972,24.046000000000003,9.236,61.11900000000004,908.6880000000001,297.09299999999996,3.2630000000000003,385.736,39.80100000000001,9.552000000000001,46.389,30.233999999999998,915.3649999999998,496.163,7.007999999999997,20.899,166.58399999999997,30.880999999999997,83.559,3.166,29.050000000000004,14.331999999999999,3.2460000000000004,3.8370000000000006,3.942,9.270999999999999,3.064,9.803,161.214,5.754,7.120000000000002,91.495,10.31,47.526999999999994,778.799,3.058,10.553,3.141,22.053,2.789,3.037,15.872,3.8680000000000008,3.086,35.832,5.335000000000001,215.704,2.9949999999999997,3.2269999999999994,8.694,52.339999999999996,211.218,871.159,8.72,923.1599999999999,3.7820000000000005,3.952,9.942,771.545,785.552,284.18,3.141,35.394000000000005,3.144,4.215,24.177999999999997,352.00300000000004,0.609,65.823,31.922,41.601,0.428,0.318,4.173,1.222,3.924,46.816,5.936,2.178,0.747,3.298,18.836,0.605,4.232,0.344,4.241,0.6679999999999999,12.299,0.309,53.601,0.615,0.421,1.02,2.124,1.647,0.323,2.361,0.335,1.117,0.42,0.314,1.107,3.592,0.508,1.287,1.593,0.32,4.949,0.294,1.72,34.277,1.622,0.736,1.555,4.995,2.64,0.348,0.0,0.0,0.0,0.0,0.0,0.0,0.0,0.0,0.0,0.0,0.0,0.0,0.0,0.0,0.0,0.0,0.0,0.0,0.0,0.0,0.0,0.0,0.0,0.0,0.0,0.0,0.0,0.0,0.0,0.0,0.0,0.0,0.0,0.0,0.0,0.0,0.0,0.0,0.0,0.0,0.0,0.0,0.0,0.0,0.0,0.0,0.0,0.0,0.0,0.0,0.0,0.0,0.0,0.0,0.0,0.0,0.0,0.0,0.0,0.0,0.0,0.0,0.0,0.0,0.0,0.0,0.0,0.0,0.0,0.0,0.0,0.0,0.0,0.0,0.0,0.0,0.0,0.0,0.0,0.0,0.0,0.0,0.0,0.0,0.0,0.0,0.0,0.0,0.0,0.0,0.0,0.0,0.0,0.0,0.0
fread_65536,4.139,11.041,15.556000000000001,28.296999999999997,11.109,141.707,4.093999999999999,3.401,4.3340000000000005,99.61899999999999,921.139,7.043,302.44599999999997,20.552000000000003,378.704,423.323,6.388,4567.847,147.81999999999996,201.265,32.19,69.628,8.417,7.25,19.872999999999998,8.668,15.679000000000004,3.013,172.59,11.170000000000002,3891.8630000000003,10.807,3.8819999999999997,5.072,4.019,322.48600000000005,7.044,0.0,47.900000000000006,3.9839999999999995,45.282999999999994,3992.0999999999995,124.989,10.443999999999999,156.51500000000007,3856.167,309.069,3.6170000000000004,913.6119999999999,44.754999999999995,11.319999999999999,78.29599999999999,171.10400000000007,3866.599,1297.217,17.462,27.821,180.149,34.592,353.73,14.709,34.399,18.674000000000003,3.420000000000001,3.3729999999999993,7.105,89.538,3.2350000000000003,67.265,22.783000000000005,6.281999999999999,88.62199999999999,105.65900000000002,28.703,54.94299999999999,1480.8269999999998,4.7219999999999995,81.412,3.654,843.199,3.06,3.383,17.041999999999998,4.545000000000001,3.09,36.724000000000004,13.515,101.174,3.139,0.0,8.345,88.839,226.231,3139.394,8.430000000000001,3881.05,37.913999999999994,7.787,26.448,1468.694,1492.853,296.131,8.264,52.974000000000004,8.211,4.74,25.158999999999995,364.6789999999999,4.581,630.9639999999999,221.317,389.01099999999997,1.5190000000000001,0.554,156.613,3.331,12.006,399.321,22.413,100.88,1.5099999999999998,10.200000000000001,184.956,1.462,105.61999999999999,0.661,19.332,1.8699999999999999,171.745,0.5880000000000001,511.504,1.9260000000000002,0.9790000000000001,2.831,5.897,3.6020000000000003,0.636,4.693,0.947,2.209,1.126,0.5720000000000001,3.38,104.27799999999999,1.3090000000000002,0.962,4.476,1.32,158.51500000000001,0.864,3.497,224.978,149.37800000000001,1.8479999999999999,1.7200000000000002,13.703,8.536,0.745,3.9080000000000004,2.934,4.757,0.0,54.317,0.0,0.0,13.625,155.328,35.446999999999996,6.344,30.730999999999998,30.179,0.0,12.206999999999999,5.571000000000001,5.618,4.303,10.249999999999998,0.0,0.0,748.73,3.626,5.422000000000001,29.22,65.47699999999999,5.878000000000001,7.864999999999998,86.18599999999999,4.827999999999999,3.2549999999999994,3.3750000000000004,21.595,3.121,20.909,3.043,3.392,3.388,16.983,2.7899999999999996,28.959,4.365000000000001,0.0,0.0,27.372,95.43400000000001,23.251,7.803999999999999,3.344,0.0,131.12099999999998,0.0,0.0,0.0,0.0,0.883,0.258,0.0,0.0,0.0,0.0,0.245,0.0,0.0,0.252,9.262,0.0,0.0,0.828,0.265,0.0,4.967,0.0,8.582,0.0,0.0,0.0,0.0,0.0,0.0,0.0,0.0,0.0,0.0,0.0,0.0,0.0,0.0,0.0,0.0,0.0,0.0,0.0,0.0,0.0
fread_16384,3.8329999999999997,10.569999999999999,13.751,25.565,10.877999999999998,232.057,3.7159999999999997,3.1479999999999997,3.9029999999999996,173.535,694.63,6.0409999999999995,321.047,17.801999999999996,392.80299999999994,432.32099999999997,5.787,4218.884,10.834000000000001,102.316,30.005,65.329,12.149999999999999,6.768,17.946,7.804,14.372999999999998,2.717,201.851,10.146,3240.232,9.473,3.6460000000000004,5.0539999999999985,3.7830000000000004,340.555,6.6129999999999995,0.0,63.305,3.659,41.06700000000001,3426.1979999999994,35.766999999999996,9.907,75.83399999999996,3207.8639999999996,327.31600000000003,3.158,687.126,40.858000000000004,10.385000000000002,90.58099999999999,29.436,3217.246,1249.2379999999998,16.407999999999998,25.70399999999999,209.186,31.957,442.462,12.462999999999997,30.531000000000002,18.42,3.1359999999999997,3.1079999999999997,5.889,85.588,2.9219999999999997,60.75599999999999,21.436,5.579000000000001,7.008,103.415,25.283,70.33900000000001,1443.444,3.958,156.012,3.2960000000000003,619.9039999999999,2.9639999999999995,2.919,15.514,3.7569999999999997,2.992,33.393,12.58,96.089,2.8299999999999996,1.196,7.911,100.41,251.27100000000002,2448.2079999999996,8.017,3230.131,34.745,6.934,25.231,1431.0579999999998,1454.5929999999998,315.33200000000005,26.142999999999997,52.177,7.562999999999999,4.279,23.051,379.7029999999999,4.319,480.504,209.469,350.01,0.932,0.571,131.449,2.246,7.803,437.30899999999997,16.015,5.929,1.9209999999999998,6.666,37.599999999999994,1.165,10.36,0.675,12.637999999999998,1.134,25.519,0.5740000000000001,452.678,1.139,1.5659999999999998,1.892,3.96,3.7859999999999996,0.6659999999999999,4.269,0.625,1.975,0.786,0.5549999999999999,2.207,8.964,0.867,0.987,3.032,0.783,132.84900000000002,0.5680000000000001,4.9,212.786,126.561,1.58,1.562,9.173,5.474,0.599,3.2809999999999997,2.8790000000000004,3.998999999999999,0.0,48.819,0.0,0.0,12.331999999999999,234.62900000000005,28.601,5.9079999999999995,27.659,305.772,0.0,10.79,4.971,4.782,4.093,9.886,0.0,0.0,503.85699999999997,2.848,4.938,26.578,61.88700000000001,5.331,7.076,77.309,4.341,11.590000000000002,2.9560000000000004,19.185000000000002,3.027,297.5,2.723,2.9370000000000003,2.8790000000000004,15.91,2.748,24.858,4.346,0.0,0.0,21.639,118.08399999999999,21.543,4.773000000000001,2.9060000000000006,0.0,213.09799999999996,0.0,0.0,0.0,0.0,0.0,0.0,0.0,0.0,0.0,0.0,0.0,0.0,0.0,0.0,2.796,0.0,0.0,0.0,0.0,0.0,0.0,0.0,2.001,0.0,0.0,0.0,0.0,0.0,0.0,0.0,0.0,0.0,0.0,0.0,0.0,0.0,0.0,0.0,0.0,0.0,0.0,0.0,0.0,0.0
fread_128,3.398,8.267000000000001,13.204,20.052,3.0760000000000005,43.265,3.3529999999999998,2.8819999999999997,3.722,25.537000000000006,499.885,3.272,305.00000000000006,4.465999999999999,371.72800000000007,412.003,5.63,1526.9839999999997,8.530999999999999,24.701,20.164,43.812,6.7860000000000005,3.1080000000000005,17.864,7.425,12.622,2.6659999999999995,187.764,9.161999999999999,862.183,9.448,3.2439999999999993,4.315,3.387,324.16399999999993,2.634,3.6980000000000004,38.006,3.291,22.928000000000004,919.1239999999999,22.878,8.475,55.941000000000024,840.806,311.54699999999997,2.954,494.258,37.722,8.993,42.419000000000004,65.99,847.443,594.7830000000001,6.614999999999998,18.895999999999994,194.89,29.152,76.076,3.1050000000000004,26.959,13.200999999999999,3.0770000000000004,3.647000000000001,3.6770000000000005,8.547999999999998,2.864,9.133,14.442,5.335,6.467999999999999,128.505,9.932,43.601,721.256,2.875,9.489999999999998,2.8620000000000005,20.647000000000002,2.687,2.748,14.584,2.838,2.8529999999999998,32.725,4.928,65.083,2.7110000000000003,2.9350000000000005,7.991999999999999,48.26,235.81900000000002,806.2779999999999,8.005,854.732,3.5930000000000004,3.821,10.005,714.462,727.352,299.41700000000003,2.87,33.862,3.146,4.1049999999999995,22.021,360.61199999999997,0.619,68.052,34.906,43.552,0.423,0.344,4.099,1.415,4.108,49.211,5.641,2.328,1.053,3.481,20.479,0.653,4.379,0.354,3.97,0.6859999999999999,13.958,0.328,56.199,0.64,0.548,0.96,2.182,1.5859999999999999,0.348,2.342,0.344,1.092,0.35,0.301,1.104,3.748,0.486,0.36,1.652,0.332,4.823,0.293,2.69,36.391,1.638,0.723,1.781,5.201,2.816,0.332,0.0,0.0,0.0,0.0,0.0,0.0,0.0,0.0,0.0,0.0,0.0,0.0,0.0,0.0,0.0,0.0,0.0,0.0,0.0,0.0,0.0,0.0,0.0,0.0,0.0,0.0,0.0,0.0,0.0,0.0,0.0,0.0,0.0,0.0,0.0,0.0,0.0,0.0,0.0,0.0,0.0,0.0,0.0,0.0,0.0,0.0,0.0,0.0,0.0,0.0,0.0,0.0,0.0,0.0,0.0,0.0,0.0,0.0,0.0,0.0,0.0,0.0,0.0,0.0,0.0,0.0,0.0,0.0,0.0,0.0,0.0,0.0,0.0,0.0,0.0,0.0,0.0,0.0,0.0,0.0,0.0,0.0,0.0,0.0,0.0,0.0,0.0,0.0,0.0,0.0,0.0,0.0,0.0,0.0,0.0
fread_32,2.682,7.5059999999999985,11.04,17.740000000000002,2.4829999999999997,38.614000000000004,2.709,2.611,2.7560000000000002,23.112,79.98700000000001,2.9379999999999997,241.44000000000003,3.3820000000000006,302.74500000000006,338.519,4.882000000000001,901.6800000000002,10.209999999999999,23.447999999999997,17.921,38.373000000000005,5.221,2.604,16.129,6.473000000000001,11.586000000000002,2.3989999999999996,135.581,7.858000000000001,401.73499999999996,8.44,2.8770000000000002,2.774,2.6780000000000004,259.856,2.376,2.8489999999999998,33.178000000000004,2.5980000000000003,21.055,452.86800000000005,13.0,7.712000000000001,51.455000000000034,383.45200000000006,247.2,2.76,75.153,30.668000000000006,7.9510000000000005,38.464,26.400999999999996,388.77500000000003,166.648,4.731999999999999,18.101000000000006,142.09199999999998,23.731,69.576,2.5780000000000003,24.028,12.042,2.7229999999999994,2.5789999999999997,2.4259999999999997,7.794,2.652,8.109,12.806,4.785,5.5440000000000005,77.643,8.157999999999998,38.146,278.014,2.517,8.597000000000001,2.5300000000000002,17.322,2.361,2.482,13.148,3.5349999999999997,2.542,30.007,4.351,57.69,2.459,2.7080000000000006,7.2379999999999995,43.367,179.651,352.852,7.539,395.153,3.0949999999999998,2.814,8.312,272.04200000000003,283.311,236.45599999999996,2.473,27.75,2.678,3.283,20.378,292.75600000000003,0.0,0.0,0.0,0.0,0.0,0.0,0.0,0.0,0.0,0.0,0.0,0.0,0.0,0.0,0.0,0.0,0.0,0.0,0.0,0.0,0.0,0.0,0.0,0.0,0.0,0.0,0.0,0.0,0.0,0.0,0.0,0.0,0.0,0.0,0.0,0.0,0.0,0.0,0.0,0.0,0.0,0.0,0.0,0.0,0.0,0.0,0.0,0.0,0.0,0.0,0.0,0.0,0.0,0.0,0.0,0.0,0.0,0.0,0.0,0.0,0.0,0.0,0.0,0.0,0.0,0.0,0.0,0.0,0.0,0.0,0.0,0.0,0.0,0.0,0.0,0.0,0.0,0.0,0.0,0.0,0.0,0.0,0.0,0.0,0.0,0.0,0.0,0.0,0.0,0.0,0.0,0.0,0.0,0.0,0.0,0.0,0.0,0.0,0.0,0.0,0.0,0.0,0.0,0.0,0.0,0.0,0.0,0.0,0.0,0.0,0.0,0.0,0.0,0.0,0.0,0.0,0.0,0.0,0.0,0.0,0.0,0.0,0.0,0.0,0.0,0.0,0.0,0.0,0.0,0.0,0.0,0.0,0.0,0.0,0.0,0.0,0.0,0.0,0.0,0.0,0.0,0.0,0.0,0.0,0.0
